Workbook

Sheet Reports
A1: Report_ID | B1: PZN | C1: ENR | D1: Meldungsart | E1: Beginn | F1: Ende | G1: Dauer (Tage) | H1: Datum der Erstmeldung | I1: Datum der letzten Meldung | J1: Art des Grundes | K1: Arzneimittlbezeichnung | L1: Atc Code | M1: Wirkstoffe | N1: Krankenhausrelevant | O1: Zulassungsinhaber | P1: Telefon | Q1: E-Mail | R1: Grund | S1: Anm. zum Grund | T1: Alternativpräparat | U1: Info an Fachkreise | V1: Darreichungsform | W1: Obergruppe | X1: Obergruppe ATC-Code
A2: 1852 | B2: 01335381, 02421349 | C2: 70733 | D2: Löschmeldung | E2: 44929 | F2: 44965 | G2: =F2-E2 -> 36 | H2: 44938 | I2: 44967 | J2: Sonstige | K2: Ampho-Moronal Lutschtabletten | L2: A01AB04 | M2: Amphotericin B | N2: ja | O2: Dermapharm Aktiengesellschaft | Q2: service@dermapharm.de | R2: Unzureichende Produktionskapazitäten | S2: Die Packungsgröße 50 Stk. (PZN 02421332) ist voraussichtlich während der Dauer des Lieferengpasses verfügbar. | U2: Nein | V2: Lutschtablette | W2: =VLOOKUP(Table1[[#This Row],[Obergruppe ATC-Code]],Tabelle3!$A$2:$B$100,2) -> STOMATOLOGIKA | X2: =LEFT(Table1[[#This Row],[Atc Code]],3) -> A01
A3: 1851 | B3: 01335381, 02421332, 02421349 | C3: 70733 | D3: Löschmeldung | E3: 45141 | F3: 45187 | G3: =F3-E3 -> 46 | H3: 45146 | I3: 45190 | J3: Sonstige | K3: Ampho-Moronal Lutschtabletten | L3: A01AB04 | M3: Amphotericin B | N3: nein | O3: Dermapharm Aktiengesellschaft | P3: 498964186105 | Q3: yvonne.hinterstocker@dermapharm.com | R3: Unzureichende Produktionskapazitäten | U3: Nein | V3: Lutschtablette | W3: =VLOOKUP(Table1[[#This Row],[Obergruppe ATC-Code]],Tabelle3!$A$2:$B$100,2) -> STOMATOLOGIKA | X3: =LEFT(Table1[[#This Row],[Atc Code]],3) -> A01
A4: 1648 | B4: 00046367, 00046350 | C4: 2140871 | D4: Löschmeldung | E4: 42887 | F4: 42947 | G4: =F4-E4 -> 60 | H4: 42892 | I4: 42929 | J4: Produktionsproblem | K4: Metronidazol-ratiopharm 400 mg Tabletten | L4: A01AB17, G01AF01, J01XD01 | M4: Metronidazol | N4: ja | O4: ratiopharm GmbH | P4: 0800 800 50 13 | Q4: klinikteam@ratiopharm.de | R4: Herstellerwechsel | U4: Nein | V4: Tablette | W4: =VLOOKUP(Table1[[#This Row],[Obergruppe ATC-Code]],Tabelle3!$A$2:$B$100,2) -> STOMATOLOGIKA | X4: =LEFT(Table1[[#This Row],[Atc Code]],3) -> A01
A5: 1921 | B5: 01865653 | C5: 2140512 | D5: Löschmeldung | E5: 43891 | F5: 44074 | G5: =F5-E5 -> 183 | H5: 43910 | I5: 44075 | J5: Produktionsproblem | K5: Metronidazol 400 mg - 1 A Pharma | L5: A01AB17, G01AF01, J01XD01 | M5: Metronidazol | N5: nein | O5: 1 A Pharma GmbH | P5: 089/61388250 | Q5: info@1apharma.com | R5: Herstellerwechsel | U5: Nein | V5: Tablette | W5: =VLOOKUP(Table1[[#This Row],[Obergruppe ATC-Code]],Tabelle3!$A$2:$B$100,2) -> STOMATOLOGIKA | X5: =LEFT(Table1[[#This Row],[Atc Code]],3) -> A01
A6: 1647 | B6: 00046367, 00046350 | C6: 2140871 | D6: Löschmeldung | E6: 43983 | F6: 44104 | G6: =F6-E6 -> 121 | H6: 44012 | I6: 44085 | J6: Produktionsproblem | K6: Metronidazol-ratiopharm 400 mg Tabletten | L6: A01AB17, G01AF01, J01XD01 | M6: Metronidazol | N6: ja | O6: ratiopharm GmbH | P6: 0800 / 800 50 13 | Q6: gks-post@ratiopharm.de | R6: Sonstige | U6: Ja | V6: Tablette | W6: =VLOOKUP(Table1[[#This Row],[Obergruppe ATC-Code]],Tabelle3!$A$2:$B$100,2) -> STOMATOLOGIKA | X6: =LEFT(Table1[[#This Row],[Atc Code]],3) -> A01
A7: 2183 | B7: 04913803, 04913826 | C7: 801728 | D7: Löschmeldung | E7: 44228 | F7: 44474 | G7: =F7-E7 -> 246 | H7: 44183 | I7: 44474 | J7: Produktionsproblem | K7: Dontisolon D Mundheilpaste | L7: A01AC54 | M7: Prednisolonacetat | N7: ja | O7: Sanofi-Aventis Deutschland GmbH | P7: 0800 52 52 010 | Q7: medinfo.de@sanofi.com | R7: Probleme bei der Endfreigabe | S7: seit 27.09.21 eingeschränkt lieferfähig | U7: Nein | V7: Paste | W7: =VLOOKUP(Table1[[#This Row],[Obergruppe ATC-Code]],Tabelle3!$A$2:$B$100,2) -> STOMATOLOGIKA | X7: =LEFT(Table1[[#This Row],[Atc Code]],3) -> A01
A8: 632 | B8: 4109633 | C8: 2110381 | D8: Löschmeldung | E8: 43739 | F8: 44074 | G8: =F8-E8 -> 335 | H8: 43740 | I8: 44047 | J8: Produktionsproblem | K8: H2-Blocker-ratiopharm 200 mg/ 2 ml Injektionslösung | L8: A02BA01 | M8: Cimetidinhydrochlorid | N8: ja | O8: ratiopharm GmbH | P8: 0800/800 50 13 | Q8: GKS-Post@ratiopharm.de | R8: Herstellerwechsel | T8: Tagamet 200 mg/2 ml - Einreichungsnummer: 2162647 | U8: Nein | V8: Injektionslösung | W8: =VLOOKUP(Table1[[#This Row],[Obergruppe ATC-Code]],Tabelle3!$A$2:$B$100,2) -> MITTEL BEI SÄURE BEDINGTEN ERKRANKUNGEN | X8: =LEFT(Table1[[#This Row],[Atc Code]],3) -> A02
A9: 3019 | B9: 9083766, 09083772 | C9: 2125706 | D9: Löschmeldung | E9: 44228 | F9: 44316 | G9: =F9-E9 -> 88 | H9: 44249 | I9: 44265 | J9: Sonstige | K9: Cimetidin acis 400 mg | L9: A02BA01 | M9: Cimetidin | N9: nein | O9: acis Arzneimittel GmbH | P9: 089/44232460 | Q9: info@acis.de | R9: Unzureichende Produktionskapazitäten | U9: Nein | V9: Tablette | W9: =VLOOKUP(Table1[[#This Row],[Obergruppe ATC-Code]],Tabelle3!$A$2:$B$100,2) -> MITTEL BEI SÄURE BEDINGTEN ERKRANKUNGEN | X9: =LEFT(Table1[[#This Row],[Atc Code]],3) -> A02
A10: 3009 | B10: 8535752, 08535769 | C10: 2125707 | D10: Löschmeldung | E10: 43862 | F10: 44316 | G10: =F10-E10 -> 454 | H10: 44249 | I10: 44312 | J10: Sonstige | K10: Cimetidin acis 800 mg | L10: A02BA01 | M10: Cimetidin | N10: nein | O10: acis Arzneimittel GmbH | P10: 089/44232460 | Q10: info@acis.de | R10: Unzureichende Produktionskapazitäten | U10: Nein | V10: Tablette | W10: =VLOOKUP(Table1[[#This Row],[Obergruppe ATC-Code]],Tabelle3!$A$2:$B$100,2) -> MITTEL BEI SÄURE BEDINGTEN ERKRANKUNGEN | X10: =LEFT(Table1[[#This Row],[Atc Code]],3) -> A02
A11: 3008 | B11: 8535686, 16771722, 07560162 | C11: 2125705 | D11: Löschmeldung | E11: 43891 | F11: 44316 | G11: =F11-E11 -> 425 | H11: 44249 | I11: 44312 | J11: Sonstige | K11: Cimetidin acis 200mg | L11: A02BA01 | M11: Cimetidin | N11: nein | O11: acis Arzneimittel GmbH | P11: 089/44232460 | Q11: info@acis.de | R11: Unzureichende Produktionskapazitäten | U11: Nein | V11: Tablette | W11: =VLOOKUP(Table1[[#This Row],[Obergruppe ATC-Code]],Tabelle3!$A$2:$B$100,2) -> MITTEL BEI SÄURE BEDINGTEN ERKRANKUNGEN | X11: =LEFT(Table1[[#This Row],[Atc Code]],3) -> A02
A12: 2459 | B12: 09083766, 09083772 | C12: 2125706 | D12: Löschmeldung | E12: 45117 | F12: 45214 | G12: =F12-E12 -> 97 | H12: 45125 | I12: 45215 | J12: Sonstige | K12: Cimetidin acis 400 mg | L12: A02BA01 | M12: Cimetidin | N12: nein | O12: acis Arzneimittel GmbH | P12: 8944232460 | Q12: Medwiss.Acis@dermapharm.com | R12: Sonstige | U12: Nein | V12: Tablette | W12: =VLOOKUP(Table1[[#This Row],[Obergruppe ATC-Code]],Tabelle3!$A$2:$B$100,2) -> MITTEL BEI SÄURE BEDINGTEN ERKRANKUNGEN | X12: =LEFT(Table1[[#This Row],[Atc Code]],3) -> A02
A13: 2390 | B13: 08535752, 08535769 | C13: 2125707 | D13: Löschmeldung | E13: 45120 | F13: 45214 | G13: =F13-E13 -> 94 | H13: 45125 | I13: 45215 | J13: Sonstige | K13: Cimetidin acis 800 mg | L13: A02BA01 | M13: Cimetidin | N13: nein | O13: acis Arzneimittel GmbH | P13: 8944232460 | Q13: Medwiss.Acis@dermapharm.com | R13: Sonstige | U13: Nein | V13: Tablette | W13: =VLOOKUP(Table1[[#This Row],[Obergruppe ATC-Code]],Tabelle3!$A$2:$B$100,2) -> MITTEL BEI SÄURE BEDINGTEN ERKRANKUNGEN | X13: =LEFT(Table1[[#This Row],[Atc Code]],3) -> A02
A14: 3030 | B14: 7581514 | C14: 2123230 | D14: Löschmeldung | E14: 43739 | F14: 44196 | G14: =F14-E14 -> 457 | H14: 43756 | I14: 44035 | J14: Produktionsproblem | K14: Ranitic injekt | L14: A02BA02 | M14: Ranitidinhydrochlorid | N14: ja | O14: H e x a l Aktiengesellschaft | P14: 0800-4392527 | Q14: service@hexal.com | R14: Herstellerwechsel | U14: Ja | V14: Konzentrat zur Herstellung einer Injektionslösung oder Infusionslösung | W14: =VLOOKUP(Table1[[#This Row],[Obergruppe ATC-Code]],Tabelle3!$A$2:$B$100,2) -> MITTEL BEI SÄURE BEDINGTEN ERKRANKUNGEN | X14: =LEFT(Table1[[#This Row],[Atc Code]],3) -> A02
A15: 2960 | B15: 4311843, 04311872, 00296590 | C15: 2127087 | D15: Löschmeldung | E15: 43709 | F15: 44382 | G15: =F15-E15 -> 673 | H15: 43957 | I15: 44382 | J15: Produktionsproblem | K15: RANITIDIN BASICS 150 mg | L15: A02BA02 | M15: Ranitidinhydrochlorid | N15: ja | O15: Basics GmbH | P15: 214403990 | Q15: info@basics.de | R15: Sonstige | U15: Nein | V15: Filmtablette | W15: =VLOOKUP(Table1[[#This Row],[Obergruppe ATC-Code]],Tabelle3!$A$2:$B$100,2) -> MITTEL BEI SÄURE BEDINGTEN ERKRANKUNGEN | X15: =LEFT(Table1[[#This Row],[Atc Code]],3) -> A02
A16: 3029 | B16: 7568028 | C16: 2136410 | D16: Löschmeldung | E16: 43709 | F16: 44382 | G16: =F16-E16 -> 673 | H16: 43957 | I16: 44382 | J16: Produktionsproblem | K16: RANITIDIN BASICS 300 mg | L16: A02BA02 | M16: Ranitidinhydrochlorid | N16: ja | O16: Basics GmbH | P16: 214403990 | Q16: info@basics.de | R16: Sonstige | U16: Nein | V16: Filmtablette | W16: =VLOOKUP(Table1[[#This Row],[Obergruppe ATC-Code]],Tabelle3!$A$2:$B$100,2) -> MITTEL BEI SÄURE BEDINGTEN ERKRANKUNGEN | X16: =LEFT(Table1[[#This Row],[Atc Code]],3) -> A02
A17: 2303 | B17: 07156343, 07156372, 07156389 | C17: 2134272 | D17: Änderungsmeldung | E17: 43709 | F17: 45473 | G17: =F17-E17 -> 1764 | H17: 43728 | I17: 45098 | J17: Sonstige | K17: Ranitidin-ratiopharm 300mg Filmtabletten | L17: A02BA02 | M17: Ranitidinhydrochlorid | N17: ja | O17: ratiopharm GmbH | P17: 0800 10 117 07 | Q17: marketing-gx.tevade@ratiopharm.de | R17: Sonstige | U17: Ja | V17: Filmtablette | W17: =VLOOKUP(Table1[[#This Row],[Obergruppe ATC-Code]],Tabelle3!$A$2:$B$100,2) -> MITTEL BEI SÄURE BEDINGTEN ERKRANKUNGEN | X17: =LEFT(Table1[[#This Row],[Atc Code]],3) -> A02
A18: 2302 | B18: 07156314, 07156320, 07156337 | C18: 2134278 | D18: Änderungsmeldung | E18: 43709 | F18: 45473 | G18: =F18-E18 -> 1764 | H18: 43728 | I18: 45098 | J18: Sonstige | K18: Ranitidin-ratiopharm 150mg Filmtabletten | L18: A02BA02 | M18: Ranitidinhydrochlorid | N18: ja | O18: ratiopharm GmbH | P18: 0800 10 117 07 | Q18: marketing-gx.tevade@ratiopharm.de | R18: Sonstige | U18: Ja | V18: Filmtablette | W18: =VLOOKUP(Table1[[#This Row],[Obergruppe ATC-Code]],Tabelle3!$A$2:$B$100,2) -> MITTEL BEI SÄURE BEDINGTEN ERKRANKUNGEN | X18: =LEFT(Table1[[#This Row],[Atc Code]],3) -> A02
A19: 893 | B19: 7430749 | C19: 2134537 | D19: Änderungsmeldung | E19: 43709 | F19: 45473 | G19: =F19-E19 -> 1764 | H19: 43728 | I19: 45098 | J19: Sonstige | K19: Ranitidin-ratiopharm 50mg/5ml Injektionslösung | L19: A02BA02 | M19: Ranitidinhydrochlorid | N19: ja | O19: ratiopharm GmbH | P19: 0800 10 117 07 | Q19: marketing-gx.tevade@ratiopharm.de | R19: Sonstige | U19: Ja | V19: Injektionslösung | W19: =VLOOKUP(Table1[[#This Row],[Obergruppe ATC-Code]],Tabelle3!$A$2:$B$100,2) -> MITTEL BEI SÄURE BEDINGTEN ERKRANKUNGEN | X19: =LEFT(Table1[[#This Row],[Atc Code]],3) -> A02
A20: 3028 | B20: 7258718 | C20: 2130559 | D20: Änderungsmeldung | E20: 44075 | F20: 45291 | G20: =F20-E20 -> 1216 | H20: 44104 | I20: 45120 | J20: Sonstige | K20: Ranitidin AL 300 | L20: A02BA02 | M20: Ranitidinhydrochlorid | N20: nein | O20: ALIUD PHARMA GmbH | P20: 07333/9651-0 | Q20: info@aliud.de | R20: Erhöhte Nachfrage | U20: Nein | V20: Filmtablette | W20: =VLOOKUP(Table1[[#This Row],[Obergruppe ATC-Code]],Tabelle3!$A$2:$B$100,2) -> MITTEL BEI SÄURE BEDINGTEN ERKRANKUNGEN | X20: =LEFT(Table1[[#This Row],[Atc Code]],3) -> A02
A21: 3027 | B21: 7258687 | C21: 2130558 | D21: Änderungsmeldung | E21: 44075 | F21: 45291 | G21: =F21-E21 -> 1216 | H21: 44104 | I21: 45120 | J21: Sonstige | K21: Ranitidin AL 150 | L21: A02BA02 | M21: Ranitidinhydrochlorid | N21: nein | O21: ALIUD PHARMA GmbH | P21: 07333/9651-0 | Q21: info@aliud.de | R21: Erhöhte Nachfrage | U21: Nein | V21: Filmtablette | W21: =VLOOKUP(Table1[[#This Row],[Obergruppe ATC-Code]],Tabelle3!$A$2:$B$100,2) -> MITTEL BEI SÄURE BEDINGTEN ERKRANKUNGEN | X21: =LEFT(Table1[[#This Row],[Atc Code]],3) -> A02
A22: 1813 | B22: 01016960, 01016977 | C22: 2134271 | D22: Änderungsmeldung | E22: 43709 | F22: 45473 | G22: =F22-E22 -> 1764 | H22: 43728 | I22: 45125 | J22: Sonstige | K22: Ranitidin AbZ 300mg Filmtabletten | L22: A02BA02 | M22: Ranitidinhydrochlorid | N22: nein | O22: AbZ-Pharma GmbH - Geschäftsanschrift - | P22: 0800 10 117 07 | Q22: info@ratiopharm.de | R22: Sonstige | U22: Ja | V22: Filmtablette | W22: =VLOOKUP(Table1[[#This Row],[Obergruppe ATC-Code]],Tabelle3!$A$2:$B$100,2) -> MITTEL BEI SÄURE BEDINGTEN ERKRANKUNGEN | X22: =LEFT(Table1[[#This Row],[Atc Code]],3) -> A02
A23: 165 | B23: 1016931 | C23: 2134277 | D23: Änderungsmeldung | E23: 43709 | F23: 45473 | G23: =F23-E23 -> 1764 | H23: 43728 | I23: 45125 | J23: Sonstige | K23: Ranitidin AbZ 150 mg Filmtabletten | L23: A02BA02 | M23: Ranitidinhydrochlorid | N23: ja | O23: AbZ-Pharma GmbH - Geschäftsanschrift - | P23: 0800 10 117 07 | Q23: info@ratiopharm.de | R23: Sonstige | U23: Ja | V23: Filmtablette | W23: =VLOOKUP(Table1[[#This Row],[Obergruppe ATC-Code]],Tabelle3!$A$2:$B$100,2) -> MITTEL BEI SÄURE BEDINGTEN ERKRANKUNGEN | X23: =LEFT(Table1[[#This Row],[Atc Code]],3) -> A02
A24: 97 | B24: 592704 | C24: 2142653 | D24: Löschmeldung | E24: 43800 | F24: 44074 | G24: =F24-E24 -> 274 | H24: 43803 | I24: 44047 | J24: Sonstige | K24: Famotidin STADA 20 mg Filmtabletten | L24: A02BA03 | M24: Famotidin | N24: ja | O24: STADAPHARM, Gesellschaft mit beschränkter Haftung | P24: christiane.georgi@stadapharm.de | Q24: Christiane Georgi | R24: Unzureichende Produktionskapazitäten | U24: Nein | V24: Filmtablette | W24: =VLOOKUP(Table1[[#This Row],[Obergruppe ATC-Code]],Tabelle3!$A$2:$B$100,2) -> MITTEL BEI SÄURE BEDINGTEN ERKRANKUNGEN | X24: =LEFT(Table1[[#This Row],[Atc Code]],3) -> A02
A25: 99 | B25: 592733 | C25: 2142654 | D25: Löschmeldung | E25: 43800 | F25: 44227 | G25: =F25-E25 -> 427 | H25: 43803 | I25: 44200 | J25: Sonstige | K25: Famotidin STADA 40 mg Filmtabletten | L25: A02BA03 | M25: Famotidin | N25: ja | O25: STADAPHARM, Gesellschaft mit beschränkter Haftung | P25: christiane.georgi@stadapharm.de | Q25: Christiane Georgi | R25: Unzureichende Produktionskapazitäten | U25: Nein | V25: Filmtablette | W25: =VLOOKUP(Table1[[#This Row],[Obergruppe ATC-Code]],Tabelle3!$A$2:$B$100,2) -> MITTEL BEI SÄURE BEDINGTEN ERKRANKUNGEN | X25: =LEFT(Table1[[#This Row],[Atc Code]],3) -> A02
A26: 100 | B26: 592733 | C26: 2142654 | D26: Löschmeldung | E26: 44774 | F26: 45014 | G26: =F26-E26 -> 240 | H26: 44937 | I26: 45020 | J26: Produktionsproblem | K26: Famotidin STADA 40 mg Filmtabletten | L26: A02BA03 | M26: Famotidin | N26: nein | O26: STADAPHARM, Gesellschaft mit beschränkter Haftung | Q26: christiane.georgi@stada.de | R26: Probleme in der Herstellung | S26: Neue Ware bereits geliefert. Es ist zur Zeit nur begrenzt Ware lieferfähig. Nachfrage ist größer als Lagerbestand. Ab März 2023 werden wir wieder voll lieferunfähig sein. | U26: Vorgesehen | V26: Filmtablette | W26: =VLOOKUP(Table1[[#This Row],[Obergruppe ATC-Code]],Tabelle3!$A$2:$B$100,2) -> MITTEL BEI SÄURE BEDINGTEN ERKRANKUNGEN | X26: =LEFT(Table1[[#This Row],[Atc Code]],3) -> A02
A27: 98 | B27: 592704 | C27: 2142653 | D27: Löschmeldung | E27: 44866 | F27: 45054 | G27: =F27-E27 -> 188 | H27: 44937 | I27: 45077 | J27: Produktionsproblem | K27: Famotidin STADA 20 mg Filmtabletten | L27: A02BA03 | M27: Famotidin | N27: nein | O27: STADAPHARM, Gesellschaft mit beschränkter Haftung | Q27: christiane.georgi@stada.de | R27: Probleme in der Herstellung | S27: Lieferunfähigkeit wegen hoher Überverkäufe durch out of stock Mitbewerber - Nachbestellung getätigt. Liefertermin neuer Ware wird versucht vorzuziehen. | U27: Vorgesehen | V27: Filmtablette | W27: =VLOOKUP(Table1[[#This Row],[Obergruppe ATC-Code]],Tabelle3!$A$2:$B$100,2) -> MITTEL BEI SÄURE BEDINGTEN ERKRANKUNGEN | X27: =LEFT(Table1[[#This Row],[Atc Code]],3) -> A02
A28: 1744 | B28: 00601248, 00601260 | C28: 2141619 | D28: Löschmeldung | E28: 44683 | F28: 45107 | G28: =F28-E28 -> 424 | H28: 44945 | I28: 45125 | J28: Sonstige | K28: Famotidin-ratiopharm 40 mg Filmtabletten | L28: A02BA03 | M28: Famotidin | N28: ja | O28: ratiopharm GmbH | Q28: info@ratiopharm.de | R28: Sonstige | U28: Vorgesehen | V28: Filmtablette | W28: =VLOOKUP(Table1[[#This Row],[Obergruppe ATC-Code]],Tabelle3!$A$2:$B$100,2) -> MITTEL BEI SÄURE BEDINGTEN ERKRANKUNGEN | X28: =LEFT(Table1[[#This Row],[Atc Code]],3) -> A02
A29: 1743 | B29: 00601219, 00601225 | C29: 2141599 | D29: Löschmeldung | E29: 44683 | F29: 45107 | G29: =F29-E29 -> 424 | H29: 44945 | I29: 45125 | J29: Sonstige | K29: Famotidin-ratiopharm 20 mg Filmtabletten | L29: A02BA03 | M29: Famotidin | N29: ja | O29: ratiopharm GmbH | Q29: info@ratiopharm.de | R29: Sonstige | U29: Vorgesehen | V29: Filmtablette | W29: =VLOOKUP(Table1[[#This Row],[Obergruppe ATC-Code]],Tabelle3!$A$2:$B$100,2) -> MITTEL BEI SÄURE BEDINGTEN ERKRANKUNGEN | X29: =LEFT(Table1[[#This Row],[Atc Code]],3) -> A02
A30: 1944 | B30: 02129376, 02129442, 02850352, 10549307, 10549313 | C30: 2168099 | D30: Löschmeldung | E30: 44967 | F30: 45070 | G30: =F30-E30 -> 103 | H30: 44967 | I30: 45072 | J30: Sonstige | K30: Pantoprazol Aristo 20 mg magensaftresistente Tabletten | L30: A02BC02 | M30: Pantoprazol-Natrium-Sesquihydrat | N30: nein | O30: Aristo Pharma GmbH | Q30: info@aristo-pharma.de | R30: Probleme beim Sonstigen Hersteller | U30: Vorgesehen | V30: magensaftresistente Tablette | W30: =VLOOKUP(Table1[[#This Row],[Obergruppe ATC-Code]],Tabelle3!$A$2:$B$100,2) -> MITTEL BEI SÄURE BEDINGTEN ERKRANKUNGEN | X30: =LEFT(Table1[[#This Row],[Atc Code]],3) -> A02
A31: 1945 | B31: 02129465, 02129494, 02850398, 10549336, 10549342 | C31: 2168100 | D31: Löschmeldung | E31: 44967 | F31: 45091 | G31: =F31-E31 -> 124 | H31: 44967 | I31: 45091 | J31: Sonstige | K31: Pantoprazol Aristo 40 mg magensaftresistente Tabletten | L31: A02BC02 | M31: Pantoprazol-Natrium-Sesquihydrat | N31: nein | O31: Aristo Pharma GmbH | Q31: info@aristo-pharma.de | R31: Probleme beim Sonstigen Hersteller | U31: Vorgesehen | V31: magensaftresistente Tablette | W31: =VLOOKUP(Table1[[#This Row],[Obergruppe ATC-Code]],Tabelle3!$A$2:$B$100,2) -> MITTEL BEI SÄURE BEDINGTEN ERKRANKUNGEN | X31: =LEFT(Table1[[#This Row],[Atc Code]],3) -> A02
A32: 1987 | B32: 02750225 | C32: 2158277 | D32: Löschmeldung | E32: 43800 | F32: 43861 | G32: =F32-E32 -> 61 | H32: 43770 | I32: 43819 | J32: Sonstige | K32: Nexium 40 mg Pulver zur Herstellung einer Infusionslösung | L32: A02BC05 | M32: Esomeprazol-Natrium | N32: ja | O32: AstraZeneca GmbH | P32: 0800-2288660 | Q32: service.center@astrazeneca.com | R32: Unzureichende Produktionskapazitäten | T32: Omep 40 mg Pulver zur Herstellung einer Infusionslösung - Einreichungsnummer: 2172931 | U32: Nein | V32: Pulver zur Herstellung einer Infusionslösung | W32: =VLOOKUP(Table1[[#This Row],[Obergruppe ATC-Code]],Tabelle3!$A$2:$B$100,2) -> MITTEL BEI SÄURE BEDINGTEN ERKRANKUNGEN | X32: =LEFT(Table1[[#This Row],[Atc Code]],3) -> A02
A33: 2843 | B33: 15744404, 08845234, 08845240, 08845257, 15744367, 15744373, 15744396 | C33: 2200519 | D33: Löschmeldung | E33: 43891 | F33: 44165 | G33: =F33-E33 -> 274 | H33: 43957 | I33: 44194 | J33: Produktionsproblem | K33: ESOMEPRAZOL BASICS 40 mg magensaftresistente Hartkapseln | L33: A02BC05 | M33: Esomeprazol-Hemimagnesium | N33: ja | O33: Basics GmbH | P33: 214403990 | Q33: info@basics.de | R33: Sonstige | U33: Nein | V33: magensaftresistente Hartkapsel | W33: =VLOOKUP(Table1[[#This Row],[Obergruppe ATC-Code]],Tabelle3!$A$2:$B$100,2) -> MITTEL BEI SÄURE BEDINGTEN ERKRANKUNGEN | X33: =LEFT(Table1[[#This Row],[Atc Code]],3) -> A02
A34: 2842 | B34: 15744350, 08845205, 08845211, 08845228, 15744321, 15744338, 15744344 | C34: 2200518 | D34: Löschmeldung | E34: 43891 | F34: 44165 | G34: =F34-E34 -> 274 | H34: 43957 | I34: 44194 | J34: Produktionsproblem | K34: ESOMEPRAZOL BASICS 20 mg magensaftresistente Hartkapseln | L34: A02BC05 | M34: Esomeprazol-Hemimagnesium | N34: ja | O34: Basics GmbH | P34: 214403990 | Q34: info@basics.de | R34: Sonstige | U34: Nein | V34: magensaftresistente Hartkapsel | W34: =VLOOKUP(Table1[[#This Row],[Obergruppe ATC-Code]],Tabelle3!$A$2:$B$100,2) -> MITTEL BEI SÄURE BEDINGTEN ERKRANKUNGEN | X34: =LEFT(Table1[[#This Row],[Atc Code]],3) -> A02
A35: 3031 | B35: 11068633 | C35: 2191507 | D35: Änderungsmeldung | E35: 43831 | F35: 44742 | G35: =F35-E35 -> 911 | H35: 43951 | I35: 44959 | J35: Produktionsproblem | K35: Esomeprazol-Elpen 40 mg Pulver zur Herstellung einer Injektions- bzw. Infusionslösung | L35: A02BC05 | M35: Esomeprazol-Natrium | N35: ja | O35: Elpen Pharmaceutical Co. Inc. Beiname: Elpen, Elpen S.A., Elpen A.E. | P35: 030 7974040 0 | Q35: info@elpen-pharma.de | R35: GMP Mängel | S35: Die Zulassung des Arzneimittels wurde 2022 zurück gezogen | U35: Nein | V35: Pulver zur Herstellung einer Injektions- /Infusionslösung | W35: =VLOOKUP(Table1[[#This Row],[Obergruppe ATC-Code]],Tabelle3!$A$2:$B$100,2) -> MITTEL BEI SÄURE BEDINGTEN ERKRANKUNGEN | X35: =LEFT(Table1[[#This Row],[Atc Code]],3) -> A02
A36: 1141 | B36: 9705624 | C36: 2178257 | D36: Löschmeldung | E36: 43891 | F36: 44012 | G36: =F36-E36 -> 121 | H36: 43936 | I36: 43991 | J36: Produktionsproblem | K36: Pylera 140 mg/125 mg/125 mg Hartkapseln | L36: A02BD08 | M36: Citronensäure-Bismut-Kalium-Salz (2:1:5) x H<2>O; Metronidazol; Tetracyclinhydrochlorid | N36: nein | O36: Allergan Pharmaceuticals International Limited | P36: 069 9203810 | Q36: CS-Germany@Allergan.com | R36: Sonstige | U36: Nein | V36: Hartkapsel,Pulver,Kapsel | W36: =VLOOKUP(Table1[[#This Row],[Obergruppe ATC-Code]],Tabelle3!$A$2:$B$100,2) -> MITTEL BEI SÄURE BEDINGTEN ERKRANKUNGEN | X36: =LEFT(Table1[[#This Row],[Atc Code]],3) -> A02
A37: 1142 | B37: 9705624 | C37: 2178257 | D37: Erstmeldung | E37: 45188 | F37: 45230 | G37: =F37-E37 -> 42 | H37: 45191 | I37: 45191 | J37: Sonstige | K37: Pylera 140 mg/125 mg/125 mg Hartkapseln | L37: A02BD08 | M37: Citronensäure-Bismut-Kalium-Salz (2:1:5) x H<2>O; Metronidazol; Tetracyclinhydrochlorid | N37: ja | O37: Laboratoires Juvise Pharmaceuticals | P37: +33 (0)4 26 29 40 00 | Q37: bruno.pouly@juvise.com | R37: Erhöhte Nachfrage | U37: Nein | V37: Hartkapsel,Pulver,Kapsel | W37: =VLOOKUP(Table1[[#This Row],[Obergruppe ATC-Code]],Tabelle3!$A$2:$B$100,2) -> MITTEL BEI SÄURE BEDINGTEN ERKRANKUNGEN | X37: =LEFT(Table1[[#This Row],[Atc Code]],3) -> A02
A38: 1925 | B38: 01894117, 15238954 | C38: 739722 | D38: Löschmeldung | E38: 45000 | F38: 45147 | G38: =F38-E38 -> 147 | H38: 45127 | I38: 45147 | J38: Sonstige | K38: Robinul zur Injektion | L38: A03AB02 | M38: Glycopyrroniumbromid (Ph.Eur.) | N38: ja | O38: Riemser Pharma GmbH | Q38: info.germany@esteve.com | R38: Sonstige | S38: n.a | U38: Nein | V38: Injektionslösung | W38: =VLOOKUP(Table1[[#This Row],[Obergruppe ATC-Code]],Tabelle3!$A$2:$B$100,2) -> MITTEL BEI FUNKTIONELLEN GASTROINTESTINALEN STÖRUNGEN | X38: =LEFT(Table1[[#This Row],[Atc Code]],3) -> A03
A39: 19 | B39: 85829 | C39: 5010629 | D39: Löschmeldung | E39: 44365 | F39: 44418 | G39: =F39-E39 -> 53 | H39: 44365 | I39: 44418 | J39: Sonstige | K39: Atropinum sulfuricum 0,5 mg Eifelfango | L39: A03BA01, TERM_ID_NA_2090009607 | M39: Atropinsulfat (Ph.Eur.) | N39: ja | O39: Eifelfango Chemisch Pharmazeutisches Werk GmbH & Co. KG | P39: 02641/9029382 | Q39: m.moeller@eifelfango.de | R39: Erhöhte Nachfrage | S39: zu hoher Abverkauf | U39: Vorgesehen | V39: Injektionslösung | W39: =VLOOKUP(Table1[[#This Row],[Obergruppe ATC-Code]],Tabelle3!$A$2:$B$100,2) -> MITTEL BEI FUNKTIONELLEN GASTROINTESTINALEN STÖRUNGEN | X39: =LEFT(Table1[[#This Row],[Atc Code]],3) -> A03
A40: 2576 | B40: 11052833, 12644694, 00045126 | C40: 2110156 | D40: Löschmeldung | E40: 43831 | F40: 44743 | G40: =F40-E40 -> 912 | H40: 43894 | I40: 44798 | J40: Sonstige | K40: MCP AL retard | L40: A03FA01 | M40: Metoclopramidhydrochlorid (Ph.Eur.) | N40: ja | O40: ALIUD PHARMA GmbH | P40: 07333/9651-0 | Q40: info@aliud.de | R40: Erhöhte Nachfrage | S40: Produkt wurde vom Markt genommen (AV). | U40: Nein | V40: Hartkapsel, retardiert | W40: =VLOOKUP(Table1[[#This Row],[Obergruppe ATC-Code]],Tabelle3!$A$2:$B$100,2) -> MITTEL BEI FUNKTIONELLEN GASTROINTESTINALEN STÖRUNGEN | X40: =LEFT(Table1[[#This Row],[Atc Code]],3) -> A03
A41: 998 | B41: 8641862 | C41: 2111303 | D41: Erstmeldung | E41: 45132 | F41: 45219 | G41: =F41-E41 -> 87 | H41: 45142 | I41: 45142 | J41: Sonstige | K41: MCP STADA 10 mg Tabletten | L41: A03FA01 | M41: Metoclopramidhydrochlorid (Ph.Eur.) | N41: nein | O41: STADAPHARM, Gesellschaft mit beschränkter Haftung | Q41: Minyoung.seo@stadapharm.de | R41: Erhöhte Nachfrage | U41: Vorgesehen | V41: Tablette | W41: =VLOOKUP(Table1[[#This Row],[Obergruppe ATC-Code]],Tabelle3!$A$2:$B$100,2) -> MITTEL BEI FUNKTIONELLEN GASTROINTESTINALEN STÖRUNGEN | X41: =LEFT(Table1[[#This Row],[Atc Code]],3) -> A03
A42: 2330 | B42: 07553328, 07553334, 07553340 | C42: 2107552 | D42: Änderungsmeldung | E42: 44991 | F42: 45271 | G42: =F42-E42 -> 280 | H42: 45071 | I42: 45200 | J42: Sonstige | K42: MCP Hexal 10 | L42: A03FA01 | M42: Metoclopramidhydrochlorid (Ph.Eur.) | N42: nein | O42: H e x a l Aktiengesellschaft | Q42: service@hexal.com | R42: Sonstige | U42: Vorgesehen | V42: Tablette | W42: =VLOOKUP(Table1[[#This Row],[Obergruppe ATC-Code]],Tabelle3!$A$2:$B$100,2) -> MITTEL BEI FUNKTIONELLEN GASTROINTESTINALEN STÖRUNGEN | X42: =LEFT(Table1[[#This Row],[Atc Code]],3) -> A03
A43: 393 | B43: 2258406 | C43: 2100694 | D43: Löschmeldung | E43: 44256 | F43: 44400 | G43: =F43-E43 -> 144 | H43: 44284 | I43: 44400 | K43: Vergentan | L43: A03FA05 | M43: Alizapridhydrochlorid | N43: ja | O43: Sanofi-Aventis Deutschland GmbH | P43: medinfo.de@sanofi.com | Q43: 0800 52 52 010 | U43: Nein | V43: Injektionslösung | W43: =VLOOKUP(Table1[[#This Row],[Obergruppe ATC-Code]],Tabelle3!$A$2:$B$100,2) -> MITTEL BEI FUNKTIONELLEN GASTROINTESTINALEN STÖRUNGEN | X43: =LEFT(Table1[[#This Row],[Atc Code]],3) -> A03
A44: 392 | B44: 2258406 | C44: 2100694 | D44: Löschmeldung | E44: 44487 | F44: 44725 | G44: =F44-E44 -> 238 | H44: 44488 | I44: 44725 | J44: Sonstige | K44: Vergentan | L44: A03FA05 | M44: Alizapridhydrochlorid | N44: ja | O44: Sanofi-Aventis Deutschland GmbH | P44: 0800 52 52 010 | Q44: medinfo.de@sanofi.com | R44: Unzureichende Produktionskapazitäten | S44: Eingeschränkt lieferfähig. Geeignete Alternativpräparate können der S3 Leitlinie „Supportive Therapie bei onkologischen PatientInnen“ entnommen werden. | U44: Nein | V44: Injektionslösung | W44: =VLOOKUP(Table1[[#This Row],[Obergruppe ATC-Code]],Tabelle3!$A$2:$B$100,2) -> MITTEL BEI FUNKTIONELLEN GASTROINTESTINALEN STÖRUNGEN | X44: =LEFT(Table1[[#This Row],[Atc Code]],3) -> A03
A45: 2222 | B45: 05462656 | C45: 2166115 | D45: Löschmeldung | E45: 43556 | F45: 43646 | G45: =F45-E45 -> 90 | H45: 43552 | I45: 43634 | J45: Produktionsproblem | K45: Ondansetron B.Braun 4 mg Schmelztabletten | L45: A04AA01 | M45: Ondansetron | N45: ja | O45: B. Braun Melsungen Aktiengesellschaft | P45: 05661 - 71 -2776 | Q45: info@bbraun.com | R45: Probleme bei der Endfreigabe | U45: Nein | V45: Schmelztablette | W45: =VLOOKUP(Table1[[#This Row],[Obergruppe ATC-Code]],Tabelle3!$A$2:$B$100,2) -> ANTIEMETIKA UND MITTEL GEGEN ÜBELKEIT | X45: =LEFT(Table1[[#This Row],[Atc Code]],3) -> A04
A46: 2070 | B46: 03672409, 07025813, 03672421, 03672421 | C46: 2159058 | D46: Löschmeldung | E46: 43891 | F46: 43982 | G46: =F46-E46 -> 91 | H46: 43916 | I46: 44144 | J46: Produktionsproblem | K46: Ondansetron Kabi 2mg/ml Injektionslösung | L46: A04AA01 | M46: Ondansetronhydrochlorid-Dihydrat | N46: ja | O46: Fresenius Kabi Deutschland GmbH | P46: 06172/6080 | Q46: lieferengpassmeldung@fresenius-kabi.de | R46: Sonstige | U46: Nein | V46: Injektionslösung | W46: =VLOOKUP(Table1[[#This Row],[Obergruppe ATC-Code]],Tabelle3!$A$2:$B$100,2) -> ANTIEMETIKA UND MITTEL GEGEN ÜBELKEIT | X46: =LEFT(Table1[[#This Row],[Atc Code]],3) -> A04
A47: 1011 | B47: 8725091 | C47: 2137196 | D47: Löschmeldung | E47: 44610 | F47: 44720 | G47: =F47-E47 -> 110 | H47: 44641 | I47: 44719 | J47: Sonstige | K47: Zofran Lösung | L47: A04AA01 | M47: Ondansetronhydrochlorid-Dihydrat | N47: nein | O47: Novartis Pharma GmbH | P47: 0800-4392527 | Q47: service@hexal.com | R47: Sonstige | U47: Nein | V47: Lösung | W47: =VLOOKUP(Table1[[#This Row],[Obergruppe ATC-Code]],Tabelle3!$A$2:$B$100,2) -> ANTIEMETIKA UND MITTEL GEGEN ÜBELKEIT | X47: =LEFT(Table1[[#This Row],[Atc Code]],3) -> A04
A48: 1010 | B48: 8725091 | C48: 2137196 | D48: Änderungsmeldung | E48: 44879 | F48: 45291 | G48: =F48-E48 -> 412 | H48: 44855 | I48: 45106 | J48: Sonstige | K48: Zofran Lösung | L48: A04AA01 | M48: Ondansetronhydrochlorid-Dihydrat | N48: nein | O48: H e x a l Aktiengesellschaft | Q48: service@hexal.com | R48: Sonstige | U48: Vorgesehen | V48: Lösung | W48: =VLOOKUP(Table1[[#This Row],[Obergruppe ATC-Code]],Tabelle3!$A$2:$B$100,2) -> ANTIEMETIKA UND MITTEL GEGEN ÜBELKEIT | X48: =LEFT(Table1[[#This Row],[Atc Code]],3) -> A04
A49: 1012 | B49: 8725145 | C49: 2141350 | D49: Löschmeldung | E49: 44804 | F49: 45166 | G49: =F49-E49 -> 362 | H49: 44804 | I49: 45175 | J49: Sonstige | K49: Zofran 8 mg Zydis Lingual | L49: A04AA01 | M49: Ondansetron | N49: nein | O49: H e x a l Aktiengesellschaft | P49: 0800-4392527 | Q49: service@hexal.com | R49: Sonstige | U49: Vorgesehen | V49: Schmelztablette | W49: =VLOOKUP(Table1[[#This Row],[Obergruppe ATC-Code]],Tabelle3!$A$2:$B$100,2) -> ANTIEMETIKA UND MITTEL GEGEN ÜBELKEIT | X49: =LEFT(Table1[[#This Row],[Atc Code]],3) -> A04
A50: 1013 | B50: 8725155 | C50: 2141349 | D50: Löschmeldung | E50: 44804 | F50: 45176 | G50: =F50-E50 -> 372 | H50: 44804 | I50: 45177 | J50: Sonstige | K50: Zofran 4 mg Zydis Lingual | L50: A04AA01 | M50: Ondansetron | N50: nein | O50: H e x a l Aktiengesellschaft | P50: 0800-4392527 | Q50: service@hexal.com | R50: Sonstige | U50: Vorgesehen | V50: Schmelztablette | W50: =VLOOKUP(Table1[[#This Row],[Obergruppe ATC-Code]],Tabelle3!$A$2:$B$100,2) -> ANTIEMETIKA UND MITTEL GEGEN ÜBELKEIT | X50: =LEFT(Table1[[#This Row],[Atc Code]],3) -> A04
A51: 2089 | B51: 03912032 | C51: 2708711 | D51: Löschmeldung | E51: 43556 | F51: 43677 | G51: =F51-E51 -> 121 | H51: 43595 | I51: 43637 | J51: Produktionsproblem | K51: SANCUSO 3,1 mg/24 Stunden transdermales Pflaster - OP52cm² | L51: A04AA02 | M51: Granisetron | N51: ja | O51: Kyowa Kirin Limited (BS 1) | P51: 0211 41611921 | Q51: sofia.ortlepp@kyowakirin.com | R51: Sonstige | T51: Oramorph 10 mg/5 ml EDB - Einreichungsnummer: 2134667 | U51: Nein | V51: transdermales Pflaster | W51: =VLOOKUP(Table1[[#This Row],[Obergruppe ATC-Code]],Tabelle3!$A$2:$B$100,2) -> ANTIEMETIKA UND MITTEL GEGEN ÜBELKEIT | X51: =LEFT(Table1[[#This Row],[Atc Code]],3) -> A04
A52: 2259 | B52: 06607499, 06607507 | C52: 2161455 | D52: Löschmeldung | E52: 43891 | F52: 44227 | G52: =F52-E52 -> 336 | H52: 43917 | I52: 44208 | J52: Sonstige | K52: Granisetron-ratiopharm 2 mg Filmtabletten | L52: A04AA02 | M52: Granisetronhydrochlorid | N52: ja | O52: ratiopharm GmbH | P52: 0800 10 117 07 | Q52: marketing-gx.tevade@ratiopharm.de | R52: Unzureichende Produktionskapazitäten | U52: Nein | V52: Filmtablette | W52: =VLOOKUP(Table1[[#This Row],[Obergruppe ATC-Code]],Tabelle3!$A$2:$B$100,2) -> ANTIEMETIKA UND MITTEL GEGEN ÜBELKEIT | X52: =LEFT(Table1[[#This Row],[Atc Code]],3) -> A04
A53: 2088 | B53: 03912032 | C53: 2708711 | D53: Löschmeldung | E53: 44105 | F53: 44286 | G53: =F53-E53 -> 181 | H53: 44111 | I53: 44267 | J53: Produktionsproblem | K53: SANCUSO 3,1 mg/24 Stunden transdermales Pflaster - OP52cm² | L53: A04AA02 | M53: Granisetron | N53: ja | O53: Kyowa Kirin Limited (BS 1) | P53: 0211 4161190 | Q53: vttrang.nguyen@kyowakirin.com | R53: Sonstige | T53: Oramorph 10 mg/5 ml EDB - Einreichungsnummer: 2134667 | U53: Nein | V53: transdermales Pflaster | W53: =VLOOKUP(Table1[[#This Row],[Obergruppe ATC-Code]],Tabelle3!$A$2:$B$100,2) -> ANTIEMETIKA UND MITTEL GEGEN ÜBELKEIT | X53: =LEFT(Table1[[#This Row],[Atc Code]],3) -> A04
A54: 1612 | B54: 17825130 | C54: 2104597 | D54: Löschmeldung | E54: 43435 | F54: 43496 | G54: =F54-E54 -> 61 | H54: 43455 | I54: 43488 | J54: Produktionsproblem | K54: Scopoderm TTS | L54: A04AD01 | M54: Scopolamin | N54: ja | O54: GlaxoSmithKline Consumer Healthcare GmbH & Co. KG | P54: 089 7877 0 | Q54: DE.GSK-regulatory@gsk.com | R54: Sonstige | U54: Nein | V54: transdermales Pflaster | W54: =VLOOKUP(Table1[[#This Row],[Obergruppe ATC-Code]],Tabelle3!$A$2:$B$100,2) -> ANTIEMETIKA UND MITTEL GEGEN ÜBELKEIT | X54: =LEFT(Table1[[#This Row],[Atc Code]],3) -> A04
A55: 1611 | B55: 17825130 | C55: 2104597 | D55: Löschmeldung | E55: 43647 | F55: 43708 | G55: =F55-E55 -> 61 | H55: 43642 | I55: 43672 | J55: Sonstige | K55: Scopoderm TTS | L55: A04AD01 | M55: Scopolamin | N55: ja | O55: GlaxoSmithKline Consumer Healthcare GmbH & Co. KG | P55: 089 7877 0 | Q55: DE.GSK-regulatory@gsk.com | R55: Unzureichende Produktionskapazitäten | U55: Nein | V55: transdermales Pflaster | W55: =VLOOKUP(Table1[[#This Row],[Obergruppe ATC-Code]],Tabelle3!$A$2:$B$100,2) -> ANTIEMETIKA UND MITTEL GEGEN ÜBELKEIT | X55: =LEFT(Table1[[#This Row],[Atc Code]],3) -> A04
A56: 1610 | B56: 17825130 | C56: 2104597 | D56: Erstmeldung | E56: 45047 | F56: 45473 | G56: =F56-E56 -> 426 | H56: 45044 | I56: 45044 | J56: Sonstige | K56: Scopoderm TTS | L56: A04AD01 | M56: Scopolamin | N56: nein | O56: Baxter Deutschland GmbH | P56: 089 31701 0 | Q56: cqa_de@baxter.com | R56: Probleme beim Sonstigen Hersteller | S56: Herstellerwechsel | U56: Vorgesehen | V56: transdermales Pflaster | W56: =VLOOKUP(Table1[[#This Row],[Obergruppe ATC-Code]],Tabelle3!$A$2:$B$100,2) -> ANTIEMETIKA UND MITTEL GEGEN ÜBELKEIT | X56: =LEFT(Table1[[#This Row],[Atc Code]],3) -> A04
A57: 2638 | B57: 11331875 | C57: 2713264 | D57: Löschmeldung | E57: 43009 | F57: 43100 | G57: =F57-E57 -> 91 | H57: 43031 | I57: 43080 | J57: Sonstige | K57: EMEND 125 mg Pulver zur Herstellung einer Suspension zum Einnehmen - OPXXXXmg | L57: A04AD12 | M57: Aprepitant | N57: ja | O57: Organon Pharma (UK) Limited | P57: 0800 673 673 673 | Q57: infocenter@msd.de | R57: Unzureichende Produktionskapazitäten | T57: EMEND 125 mg Hartkapseln - OP(5x1) - Einreichungsnummer: 2702454 | U57: Nein | V57: Pulver zur Herstellung einer Suspension zum Einnehmen | W57: =VLOOKUP(Table1[[#This Row],[Obergruppe ATC-Code]],Tabelle3!$A$2:$B$100,2) -> ANTIEMETIKA UND MITTEL GEGEN ÜBELKEIT | X57: =LEFT(Table1[[#This Row],[Atc Code]],3) -> A04
A58: 2637 | B58: 11331875 | C58: 2713264 | D58: Löschmeldung | E58: 43101 | F58: 43220 | G58: =F58-E58 -> 119 | H58: 43122 | I58: 43154 | J58: Sonstige | K58: EMEND 125 mg Pulver zur Herstellung einer Suspension zum Einnehmen - OPXXXXmg | L58: A04AD12 | M58: Aprepitant | N58: ja | O58: Organon Pharma (UK) Limited | P58: 0800 673 673 673 | Q58: infocenter@msd.de | R58: Unzureichende Produktionskapazitäten | T58: EMEND 125 mg Hartkapseln - OP(5x1) - Einreichungsnummer: 2702454 | U58: Nein | V58: Pulver zur Herstellung einer Suspension zum Einnehmen | W58: =VLOOKUP(Table1[[#This Row],[Obergruppe ATC-Code]],Tabelle3!$A$2:$B$100,2) -> ANTIEMETIKA UND MITTEL GEGEN ÜBELKEIT | X58: =LEFT(Table1[[#This Row],[Atc Code]],3) -> A04
A59: 1955 | B59: 02364404 | C59: 2702455 | D59: Löschmeldung | E59: 42917 | F59: 43524 | G59: =F59-E59 -> 607 | H59: 42940 | I59: 43496 | J59: Sonstige | K59: EMEND 125 mg Hartkapsel und EMEND 80 mg Hartkapsel - OP(1+2) | L59: A04AD12 | M59: Aprepitant | N59: ja | O59: Organon Pharma (UK) Limited | P59: 0800 673 673 673 | Q59: infocenter@msd.de | R59: Unzureichende Produktionskapazitäten | T59: EMEND 125 mg Hartkapseln - OP(5x1) - Einreichungsnummer: 2702454 | U59: Nein | V59: Hartkapsel | W59: =VLOOKUP(Table1[[#This Row],[Obergruppe ATC-Code]],Tabelle3!$A$2:$B$100,2) -> ANTIEMETIKA UND MITTEL GEGEN ÜBELKEIT | X59: =LEFT(Table1[[#This Row],[Atc Code]],3) -> A04
A60: 2806 | B60: 14313659, 14313642 | C60: 2202258 | D60: Löschmeldung | E60: 43709 | F60: 43830 | G60: =F60-E60 -> 121 | H60: 43739 | I60: 43776 | J60: Sonstige | K60: Aprepitant Zentiva 80 mg Hartkapseln | L60: A04AD12 | M60: Aprepitant | N60: ja | O60: Zentiva Pharma GmbH | P60: 0800 53 53 010 | Q60: MedInfo.DE@zentiva.com | R60: Unzureichende Produktionskapazitäten | U60: Ja | V60: Hartkapsel | W60: =VLOOKUP(Table1[[#This Row],[Obergruppe ATC-Code]],Tabelle3!$A$2:$B$100,2) -> ANTIEMETIKA UND MITTEL GEGEN ÜBELKEIT | X60: =LEFT(Table1[[#This Row],[Atc Code]],3) -> A04
A61: 2636 | B61: 11331875 | C61: 2713264 | D61: Löschmeldung | E61: 43466 | F61: 43921 | G61: =F61-E61 -> 455 | H61: 43364 | I61: 43868 | J61: Sonstige | K61: EMEND 125 mg Pulver zur Herstellung einer Suspension zum Einnehmen - OPXXXXmg | L61: A04AD12 | M61: Aprepitant | N61: ja | O61: Organon Pharma (UK) Limited | P61: 0800 673 673 673 | Q61: infocenter@msd.de | R61: Unzureichende Produktionskapazitäten | T61: EMEND 125 mg Hartkapseln - OP(5x1) - Einreichungsnummer: 2702454 | U61: Nein | V61: Pulver zur Herstellung einer Suspension zum Einnehmen | W61: =VLOOKUP(Table1[[#This Row],[Obergruppe ATC-Code]],Tabelle3!$A$2:$B$100,2) -> ANTIEMETIKA UND MITTEL GEGEN ÜBELKEIT | X61: =LEFT(Table1[[#This Row],[Atc Code]],3) -> A04
A62: 2321 | B62: 07396389 | C62: 2708127 | D62: Löschmeldung | E62: 43983 | F62: 44135 | G62: =F62-E62 -> 152 | H62: 44013 | I62: 44028 | J62: Sonstige | K62: IVEMEND 150 mg Pulver zur Herstellung einer Infusionslösung - OP(1x?mg) | L62: A04AD12 | M62: Fosaprepitant-Dimeglumin | N62: ja | O62: Organon Pharma (UK) Limited | P62: 0800 673 673 673 | Q62: infocenter@msd.de | R62: Unzureichende Produktionskapazitäten | T62: EMEND 125 mg Hartkapseln - OP(5x1) - Einreichungsnummer: 2702454 | U62: Nein | V62: Pulver zur Herstellung einer Infusionslösung | W62: =VLOOKUP(Table1[[#This Row],[Obergruppe ATC-Code]],Tabelle3!$A$2:$B$100,2) -> ANTIEMETIKA UND MITTEL GEGEN ÜBELKEIT | X62: =LEFT(Table1[[#This Row],[Atc Code]],3) -> A04
A63: 2734 | B63: 1308303, 07342005, 02397438 | C63: 422652 | D63: Löschmeldung | E63: 43617 | F63: 43890 | G63: =F63-E63 -> 273 | H63: 43647 | I63: 43882 | J63: Produktionsproblem | K63: Hepa-Merz Infusionslösungs-Konzentrat | L63: A05BA | M63: Ornithinaspartat | N63: ja | O63: Merz Pharmaceuticals GmbH | P63: 069 1503 6969 | Q63: julia.bernschein@merz.de | R63: Sonstige | T63: Hepa-Merz Granulat 3000 - Einreichungsnummer: 0423433 | U63: Nein | V63: Konzentrat zur Herstellung einer Infusionslösung | W63: =VLOOKUP(Table1[[#This Row],[Obergruppe ATC-Code]],Tabelle3!$A$2:$B$100,2) -> GALLEN- UND LEBERTHERAPIE | X63: =LEFT(Table1[[#This Row],[Atc Code]],3) -> A05
A64: 3001 | B64: 7469993, 07470016, 11130303 | C64: 718559 | D64: Löschmeldung | E64: 44228 | F64: 44286 | G64: =F64-E64 -> 58 | H64: 44231 | I64: 44244 | J64: Produktionsproblem | K64: Hepa-Merz Granulat 6000 | L64: A05BA | M64: Ornithinaspartat | N64: ja | O64: Merz Pharmaceuticals GmbH | P64: 069 1503 1245 | Q64: regina.schweizer-vonderau@merz.de | R64: Sonstige | T64: Hepa-Merz Granulat 6000 - Einreichungsnummer: 0718559 | U64: Nein | V64: Granulat zur Herstellung einer Lösung zum Einnehmen | W64: =VLOOKUP(Table1[[#This Row],[Obergruppe ATC-Code]],Tabelle3!$A$2:$B$100,2) -> GALLEN- UND LEBERTHERAPIE | X64: =LEFT(Table1[[#This Row],[Atc Code]],3) -> A05
A65: 937 | B65: 7620622 | C65: 423433 | D65: Löschmeldung | E65: 44228 | F65: 44286 | G65: =F65-E65 -> 58 | H65: 44231 | I65: 44245 | J65: Produktionsproblem | K65: Hepa-Merz Granulat 3000 | L65: A05BA | M65: Ornithinaspartat | N65: ja | O65: Merz Pharmaceuticals GmbH | P65: 069 1503 1245 | Q65: regina.schweizer-vonderau@merz.de | R65: Sonstige | T65: Hepa-Merz Granulat 3000 - Einreichungsnummer: 0423433 | U65: Nein | V65: Granulat zur Herstellung einer Lösung zum Einnehmen | W65: =VLOOKUP(Table1[[#This Row],[Obergruppe ATC-Code]],Tabelle3!$A$2:$B$100,2) -> GALLEN- UND LEBERTHERAPIE | X65: =LEFT(Table1[[#This Row],[Atc Code]],3) -> A05
A66: 2735 | B66: 1308303, 07342005, 02397438 | C66: 422652 | D66: Löschmeldung | E66: 44197 | F66: 44347 | G66: =F66-E66 -> 150 | H66: 44211 | I66: 44342 | J66: Produktionsproblem | K66: Hepa-Merz Infusionslösungs-Konzentrat | L66: A05BA | M66: Ornithinaspartat | N66: ja | O66: Merz Pharmaceuticals GmbH | P66: 069 1503 6969 | Q66: Julia.Pfaff@merz.de | R66: Sonstige | U66: Nein | V66: Konzentrat zur Herstellung einer Infusionslösung | W66: =VLOOKUP(Table1[[#This Row],[Obergruppe ATC-Code]],Tabelle3!$A$2:$B$100,2) -> GALLEN- UND LEBERTHERAPIE | X66: =LEFT(Table1[[#This Row],[Atc Code]],3) -> A05
A67: 938 | B67: 7620622 | C67: 423433 | D67: Löschmeldung | E67: 44411 | F67: 44425 | G67: =F67-E67 -> 14 | H67: 44414 | I67: 44425 | J67: Produktionsproblem | K67: Hepa-Merz Granulat 3000 | L67: A05BA | M67: Ornithinaspartat | N67: nein | O67: Merz Pharmaceuticals GmbH | Q67: Regina.Schweizer-Vonderau@merz.de | R67: Probleme in der Herstellung | T67: Hepa-Merz Granulat 3000 - Einreichungsnummer: 0423433 | U67: Nein | V67: Granulat zur Herstellung einer Lösung zum Einnehmen | W67: =VLOOKUP(Table1[[#This Row],[Obergruppe ATC-Code]],Tabelle3!$A$2:$B$100,2) -> GALLEN- UND LEBERTHERAPIE | X67: =LEFT(Table1[[#This Row],[Atc Code]],3) -> A05
A68: 940 | B68: 7620639 | C68: 423433 | D68: Löschmeldung | E68: 44704 | F68: 44735 | G68: =F68-E68 -> 31 | H68: 44705 | I68: 44739 | J68: Produktionsproblem | K68: Hepa-Merz Granulat 3000 | L68: A05BA | M68: Ornithinaspartat | N68: nein | O68: Merz Pharmaceuticals GmbH | Q68: Regina.Schweizer-Vonderau@merz.de | R68: Probleme in der Herstellung | U68: Vorgesehen | V68: Granulat zur Herstellung einer Lösung zum Einnehmen | W68: =VLOOKUP(Table1[[#This Row],[Obergruppe ATC-Code]],Tabelle3!$A$2:$B$100,2) -> GALLEN- UND LEBERTHERAPIE | X68: =LEFT(Table1[[#This Row],[Atc Code]],3) -> A05
A69: 939 | B69: 7620622 | C69: 423433 | D69: Löschmeldung | E69: 44742 | F69: 44826 | G69: =F69-E69 -> 84 | H69: 44754 | I69: 44826 | J69: Produktionsproblem | K69: Hepa-Merz Granulat 3000 | L69: A05BA | M69: Ornithinaspartat | N69: nein | O69: Merz Pharmaceuticals GmbH | Q69: regina.schweizer-vonderau@merz.de | R69: Probleme in der Herstellung | U69: Vorgesehen | V69: Granulat zur Herstellung einer Lösung zum Einnehmen | W69: =VLOOKUP(Table1[[#This Row],[Obergruppe ATC-Code]],Tabelle3!$A$2:$B$100,2) -> GALLEN- UND LEBERTHERAPIE | X69: =LEFT(Table1[[#This Row],[Atc Code]],3) -> A05
A70: 1840 | B70: 01308303, 02397438, 07342005 | C70: 422652 | D70: Löschmeldung | E70: 44777 | F70: 44993 | G70: =F70-E70 -> 216 | H70: 44796 | I70: 44993 | J70: Produktionsproblem | K70: Hepa-Merz Infusionslösungs-Konzentrat | L70: A05BA | M70: Ornithinaspartat | N70: ja | O70: Merz Pharmaceuticals GmbH | Q70: ute.muehlenbeck@merz.de | R70: Probleme in der Herstellung | U70: Nein | V70: Konzentrat zur Herstellung einer Infusionslösung | W70: =VLOOKUP(Table1[[#This Row],[Obergruppe ATC-Code]],Tabelle3!$A$2:$B$100,2) -> GALLEN- UND LEBERTHERAPIE | X70: =LEFT(Table1[[#This Row],[Atc Code]],3) -> A05
A71: 2350 | B71: 07620616, 07620639 | C71: 423433 | D71: Löschmeldung | E71: 44907 | F71: 45058 | G71: =F71-E71 -> 151 | H71: 44984 | I71: 45058 | J71: Sonstige | K71: Hepa-Merz Granulat 3000 | L71: A05BA | M71: Ornithinaspartat | N71: nein | O71: Merz Pharmaceuticals GmbH | Q71: jan.ranau@merz.de | R71: Erhöhte Nachfrage | S71: Lieferengpass beim API | U71: Vorgesehen | V71: Granulat zur Herstellung einer Lösung zum Einnehmen | W71: =VLOOKUP(Table1[[#This Row],[Obergruppe ATC-Code]],Tabelle3!$A$2:$B$100,2) -> GALLEN- UND LEBERTHERAPIE | X71: =LEFT(Table1[[#This Row],[Atc Code]],3) -> A05
A72: 2324 | B72: 07469993, 11130303 | C72: 718559 | D72: Löschmeldung | E72: 44900 | F72: 45119 | G72: =F72-E72 -> 219 | H72: 44984 | I72: 45119 | J72: Sonstige | K72: Hepa-Merz Granulat 6000 | L72: A05BA | M72: Ornithinaspartat | N72: nein | O72: Merz Pharmaceuticals GmbH | Q72: jan.ranau@merz.de | R72: Erhöhte Nachfrage | S72: Lieferengpass beim API | U72: Vorgesehen | V72: Granulat zur Herstellung einer Lösung zum Einnehmen | W72: =VLOOKUP(Table1[[#This Row],[Obergruppe ATC-Code]],Tabelle3!$A$2:$B$100,2) -> GALLEN- UND LEBERTHERAPIE | X72: =LEFT(Table1[[#This Row],[Atc Code]],3) -> A05
A73: 2262 | B73: 06717288, 06717302 | C73: 2704469 | D73: Löschmeldung | E73: 43282 | F73: 43373 | G73: =F73-E73 -> 91 | H73: 43054 | I73: 43370 | J73: Produktionsproblem | K73: RELISTOR 12 mg/0,6 ml Injektionslösung - OP1 | L73: A06AH01 | M73: Methylnaltrexonbromid | N73: ja | O73: PharmaSwiss Ceska republika s.r.o. | P73: 089 5506676-0 | Q73: petra.spengel@sobi.com | R73: Sonstige | U73: Nein | V73: Injektionslösung | W73: =VLOOKUP(Table1[[#This Row],[Obergruppe ATC-Code]],Tabelle3!$A$2:$B$100,2) -> MITTEL GEGEN OBSTIPATION | X73: =LEFT(Table1[[#This Row],[Atc Code]],3) -> A06
A74: 2263 | B74: 06717288, 06717302 | C74: 2704471 | D74: Löschmeldung | E74: 43282 | F74: 43373 | G74: =F74-E74 -> 91 | H74: 43054 | I74: 43370 | J74: Produktionsproblem | K74: RELISTOR 12 mg/0,6 ml Injektionslösung - OP7(+7Injektionsspritzen) | L74: A06AH01 | M74: Methylnaltrexonbromid | N74: ja | O74: PharmaSwiss Ceska republika s.r.o. | P74: 089 5506676-0 | Q74: petra.spengel@sobi.com | R74: Sonstige | U74: Nein | V74: Injektionslösung | W74: =VLOOKUP(Table1[[#This Row],[Obergruppe ATC-Code]],Tabelle3!$A$2:$B$100,2) -> MITTEL GEGEN OBSTIPATION | X74: =LEFT(Table1[[#This Row],[Atc Code]],3) -> A06
A75: 2562 | B75: 10763489, 10763503, 14287896 | C75: 2711482 | D75: Löschmeldung | E75: 43497 | F75: 43555 | G75: =F75-E75 -> 58 | H75: 43523 | I75: 43552 | J75: Produktionsproblem | K75: Moventig 25 mg Filmtabletten - OP10 | L75: A06AH03 | M75: Naloxegoloxalat | N75: ja | O75: Kyowa Kirin Limited | P75: 0211 41611921 | Q75: sofia.ortlepp@kyowakirin.com | R75: Probleme bei der Endfreigabe | U75: Nein | V75: Filmtablette | W75: =VLOOKUP(Table1[[#This Row],[Obergruppe ATC-Code]],Tabelle3!$A$2:$B$100,2) -> MITTEL GEGEN OBSTIPATION | X75: =LEFT(Table1[[#This Row],[Atc Code]],3) -> A06
A76: 2561 | B76: 10763489, 10763503, 14287896 | C76: 2711480 | D76: Löschmeldung | E76: 43617 | F76: 43708 | G76: =F76-E76 -> 91 | H76: 43640 | I76: 43658 | J76: Produktionsproblem | K76: Moventig 25 mg Filmtabletten - OP30(3x10) | L76: A06AH03 | M76: Naloxegoloxalat | N76: ja | O76: Kyowa Kirin Limited | P76: 0211 41611921 | Q76: sofia.ortlepp@kyowakirin.com | R76: Sonstige | T76: Moventig 25 mg Filmtabletten - OP90(9x10) - Einreichungsnummer: 2711481 | U76: Nein | V76: Filmtablette | W76: =VLOOKUP(Table1[[#This Row],[Obergruppe ATC-Code]],Tabelle3!$A$2:$B$100,2) -> MITTEL GEGEN OBSTIPATION | X76: =LEFT(Table1[[#This Row],[Atc Code]],3) -> A06
A77: 1193 | B77: 10763489 | C77: 2715717 | D77: Löschmeldung | E77: 44886 | F77: 44922 | G77: =F77-E77 -> 36 | H77: 44902 | I77: 44935 | J77: Produktionsproblem | K77: Moventig 25 mg Filmtabletten - OP30(30x1) | L77: A06AH03 | M77: Naloxegoloxalat | N77: nein | O77: Kyowa Kirin Holdings B.V. | P77: 492114161190 | Q77: vttrang.nguyen@kyowakirin.com | R77: Probleme in der Herstellung | S77: Die Packungsgröße mit 100 Filmtabletten ist uneingeschränkt verfügbar. | U77: Vorgesehen | V77: Filmtablette | W77: =VLOOKUP(Table1[[#This Row],[Obergruppe ATC-Code]],Tabelle3!$A$2:$B$100,2) -> MITTEL GEGEN OBSTIPATION | X77: =LEFT(Table1[[#This Row],[Atc Code]],3) -> A06
A78: 2716 | B78: 12454427 | C78: 2714093 | D78: Löschmeldung | E78: 43862 | F78: 43921 | G78: =F78-E78 -> 59 | H78: 43886 | I78: 43920 | J78: Produktionsproblem | K78: Constella 290 Mikrogramm Hartkapseln - OP112(4x28) | L78: A06AX04 | M78: Linaclotid | N78: nein | O78: Allergan Pharmaceuticals International Limited | P78: 069 9203810 | Q78: CS-Germany@Allergan.com | R78: Sonstige | U78: Nein | V78: Hartkapsel | W78: =VLOOKUP(Table1[[#This Row],[Obergruppe ATC-Code]],Tabelle3!$A$2:$B$100,2) -> MITTEL GEGEN OBSTIPATION | X78: =LEFT(Table1[[#This Row],[Atc Code]],3) -> A06
A79: 1869 | B79: 01403421 | C79: 2140332 | D79: Löschmeldung | E79: 43040 | F79: 43343 | G79: =F79-E79 -> 303 | H79: 43130 | I79: 43290 | J79: Produktionsproblem | K79: Humatin Pulvis | L79: A07AA06 | M79: Paromomycinsulfat (1:x) ((mit Angaben zum Schwefelsäure-Gehalt)) | N79: ja | O79: Pfizer Pharma PFE GmbH | P79: +49 (0)30-550055-53269 | Q79: Imke.TeuffelvonBirkensee@pfizer.com | R79: Sonstige | U79: Nein | V79: Pulver zur Herstellung einer Lösung zum Einnehmen | W79: =VLOOKUP(Table1[[#This Row],[Obergruppe ATC-Code]],Tabelle3!$A$2:$B$100,2) -> ANTIDIARRHOIKA UND INTESTINALE ANTIPHLOGISTIKA/ANTIINFEKTIVA | X79: =LEFT(Table1[[#This Row],[Atc Code]],3) -> A07
A80: 1866 | B80: 01403421 | C80: 419615 | D80: Löschmeldung | E80: 43101 | F80: 43373 | G80: =F80-E80 -> 272 | H80: 43130 | I80: 43332 | J80: Produktionsproblem | K80: Humatin Kapseln | L80: A07AA06 | M80: Paromomycinsulfat (1:x) ((mit Angaben zum Schwefelsäure-Gehalt)) | N80: ja | O80: Pfizer Pharma PFE GmbH | P80: +49 (0)30-550055-53269 | Q80: Imke.TeuffelvonBirkensee@pfizer.com | R80: Sonstige | U80: Nein | V80: Hartkapsel | W80: =VLOOKUP(Table1[[#This Row],[Obergruppe ATC-Code]],Tabelle3!$A$2:$B$100,2) -> ANTIDIARRHOIKA UND INTESTINALE ANTIPHLOGISTIKA/ANTIINFEKTIVA | X80: =LEFT(Table1[[#This Row],[Atc Code]],3) -> A07
A81: 1868 | B81: 01403421 | C81: 2140332 | D81: Löschmeldung | E81: 43374 | F81: 43496 | G81: =F81-E81 -> 122 | H81: 43383 | I81: 43434 | J81: Produktionsproblem | K81: Humatin Pulvis | L81: A07AA06 | M81: Paromomycinsulfat (1:x) ((mit Angaben zum Schwefelsäure-Gehalt)) | N81: ja | O81: Pfizer Pharma PFE GmbH | P81: +49 (0)30-550055-53269 | Q81: Imke.TeuffelvonBirkensee@pfizer.com | R81: Sonstige | U81: Nein | V81: Pulver zur Herstellung einer Lösung zum Einnehmen | W81: =VLOOKUP(Table1[[#This Row],[Obergruppe ATC-Code]],Tabelle3!$A$2:$B$100,2) -> ANTIDIARRHOIKA UND INTESTINALE ANTIPHLOGISTIKA/ANTIINFEKTIVA | X81: =LEFT(Table1[[#This Row],[Atc Code]],3) -> A07
A82: 1867 | B82: 01403421 | C82: 2140332 | D82: Löschmeldung | E82: 43586 | F82: 43677 | G82: =F82-E82 -> 91 | H82: 43588 | I82: 43634 | J82: Produktionsproblem | K82: Humatin Pulvis | L82: A07AA06 | M82: Paromomycinsulfat (1:x) ((mit Angaben zum Schwefelsäure-Gehalt)) | N82: ja | O82: Pfizer Pharma PFE GmbH | P82: +49 (0)800 / 85 35 555 | Q82: eumedinfo@pfizer.com | R82: Sonstige | U82: Nein | V82: Pulver zur Herstellung einer Lösung zum Einnehmen | W82: =VLOOKUP(Table1[[#This Row],[Obergruppe ATC-Code]],Tabelle3!$A$2:$B$100,2) -> ANTIDIARRHOIKA UND INTESTINALE ANTIPHLOGISTIKA/ANTIINFEKTIVA | X82: =LEFT(Table1[[#This Row],[Atc Code]],3) -> A07
A83: 1725 | B83: 00505007, 02514766 | C83: 419615 | D83: Löschmeldung | E83: 44922 | F83: 45054 | G83: =F83-E83 -> 132 | H83: 44900 | I83: 45054 | J83: Sonstige | K83: Humatin Kapseln | L83: A07AA06 | M83: Paromomycinsulfat (1:x) ((mit Angaben zum Schwefelsäure-Gehalt)) | N83: ja | O83: Pfizer Pharma GmbH | P83: +49(0)30/550055-51000 | Q83: medical.information@pfizer.com | R83: Erhöhte Nachfrage | S83: Die Packungsgrößen 160 (10 X 16) und 1600 Hartkapseln sind nicht im Handel.Humatin Kapseln (28 Stück) sind seit 08.05.2023 wieder lieferbar | U83: Nein | V83: Hartkapsel | W83: =VLOOKUP(Table1[[#This Row],[Obergruppe ATC-Code]],Tabelle3!$A$2:$B$100,2) -> ANTIDIARRHOIKA UND INTESTINALE ANTIPHLOGISTIKA/ANTIINFEKTIVA | X83: =LEFT(Table1[[#This Row],[Atc Code]],3) -> A07
A84: 405 | B84: 2421355 | C84: 70621 | D84: Löschmeldung | E84: 44907 | F84: 44974 | G84: =F84-E84 -> 67 | H84: 44909 | I84: 44974 | J84: Sonstige | K84: Ampho-Moronal Tabletten | L84: A07AA07 | M84: Amphotericin B | N84: ja | O84: Dermapharm Aktiengesellschaft | Q84: service@dermapharm.de | R84: Unzureichende Produktionskapazitäten | S84: Die Packungsgrößen 20 Stk. und 100 Stk. (PZN 01335435 und PZN 01335441) sind voraussichtlich während der Dauer des Lieferengpasses weiterhin lieferbar. | U84: Nein | V84: Tablette | W84: =VLOOKUP(Table1[[#This Row],[Obergruppe ATC-Code]],Tabelle3!$A$2:$B$100,2) -> ANTIDIARRHOIKA UND INTESTINALE ANTIPHLOGISTIKA/ANTIINFEKTIVA | X84: =LEFT(Table1[[#This Row],[Atc Code]],3) -> A07
A85: 1365 | B85: 13414714 | C85: 2199760 | D85: Erstmeldung | E85: 45170 | F85: 45657 | G85: =F85-E85 -> 487 | H85: 45146 | I85: 45146 | J85: Produktionsproblem | K85: Vancomycin Lyomark 1000 mg Pulver für ein Konzentrat zur Herstellung einer Infusionslösung oder einer Lösung zum Einnehmen | L85: A07AA09, J01XA01 | M85: Vancomycinhydrochlorid | N85: nein | O85: Bendalis GmbH | P85: 089 45 08 08 78 0 | Q85: sales@bendalis.com | R85: Probleme in der Herstellung | U85: Nein | V85: Pulver für ein Konzentrat zur Herstellung einer Infusionslösung oder einer Lösung zum Einnehmen | W85: =VLOOKUP(Table1[[#This Row],[Obergruppe ATC-Code]],Tabelle3!$A$2:$B$100,2) -> ANTIDIARRHOIKA UND INTESTINALE ANTIPHLOGISTIKA/ANTIINFEKTIVA | X85: =LEFT(Table1[[#This Row],[Atc Code]],3) -> A07
A86: 2182 | B86: 04910153, 04910176 | C86: 2134563 | D86: Löschmeldung | E86: 44659 | F86: 44685 | G86: =F86-E86 -> 26 | H86: 44659 | I86: 44686 | J86: Produktionsproblem | K86: Imodium Lingual 2 mg Plättchen (Lyophilisat zum Einnehmen) | L86: A07DA03 | M86: Loperamidhydrochlorid | N86: nein | O86: JANSSEN-CILAG GmbH | P86: 0800/7910010 | Q86: cspostfach@its.jnj.com | R86: Probleme in der Herstellung | S86: Aus produktionstechnischen Gründen ist es zu einem Engpass bei Imodium® lingual 2 mg 20 Tabletten gekommen. Als Alternative empfehlen wir Imodium® 2 mg Hartkapseln oder Imodium® N 0,2 mg/ml Lösung oder jede andere im Markt verfügbare und geeignete Loperamid-Alternative. | T86: Imodium Lingual 2 mg Plättchen (Lyophilisat zum Einnehmen) - Einreichungsnummer: 2134563 | U86: Nein | V86: Plättchen | W86: =VLOOKUP(Table1[[#This Row],[Obergruppe ATC-Code]],Tabelle3!$A$2:$B$100,2) -> ANTIDIARRHOIKA UND INTESTINALE ANTIPHLOGISTIKA/ANTIINFEKTIVA | X86: =LEFT(Table1[[#This Row],[Atc Code]],3) -> A07
A87: 1459 | B87: 14398182 | C87: 2192324 | D87: Änderungsmeldung | E87: 45154 | F87: 45260 | G87: =F87-E87 -> 106 | H87: 45154 | I87: 45204 | J87: Produktionsproblem | K87: CortimentMMX 9 mg Retardtabletten | L87: A07EA06 | M87: Budesonid | N87: nein | O87: Ferring GmbH | P87: 494315852134 | Q87: petra.wagner@ferring.com | R87: Probleme in der Herstellung | S87: Die Packungsgröße 50 ist weiterhin erhältlich | U87: Vorgesehen | V87: Retardtablette | W87: =VLOOKUP(Table1[[#This Row],[Obergruppe ATC-Code]],Tabelle3!$A$2:$B$100,2) -> ANTIDIARRHOIKA UND INTESTINALE ANTIPHLOGISTIKA/ANTIINFEKTIVA | X87: =LEFT(Table1[[#This Row],[Atc Code]],3) -> A07
A88: 2193 | B88: 04939381, 06983541 | C88: 2116573 | D88: Löschmeldung | E88: 43678 | F88: 43769 | G88: =F88-E88 -> 91 | H88: 43683 | I88: 43805 | J88: Produktionsproblem | K88: Sulfasalazin-Heyl | L88: A07EC01 | M88: Sulfasalazin | N88: ja | O88: H e y l Chemisch-pharmazeutische Fabrik GmbH & Co. KG | P88: 030 816960 | Q88: info@heyl-berlin.de | R88: Herstellerwechsel | U88: Nein | V88: magensaftresistente Filmtablette | W88: =VLOOKUP(Table1[[#This Row],[Obergruppe ATC-Code]],Tabelle3!$A$2:$B$100,2) -> ANTIDIARRHOIKA UND INTESTINALE ANTIPHLOGISTIKA/ANTIINFEKTIVA | X88: =LEFT(Table1[[#This Row],[Atc Code]],3) -> A07
A89: 2970 | B89: 4832252, 01923474, 01251483 | C89: 161329 | D89: Löschmeldung | E89: 43891 | F89: 43982 | G89: =F89-E89 -> 91 | H89: 43914 | I89: 43971 | J89: Produktionsproblem | K89: Azulfidine Tabletten | L89: A07EC01 | M89: Sulfasalazin | N89: nein | O89: Pfizer Pharma PFE GmbH | P89: +49 (0) 800 8535555 | Q89: eumedinfo@pfizer.com | R89: Herstellerwechsel | T89: Colo-Pleon - Einreichungsnummer: 0578934 | U89: Nein | V89: Tablette | W89: =VLOOKUP(Table1[[#This Row],[Obergruppe ATC-Code]],Tabelle3!$A$2:$B$100,2) -> ANTIDIARRHOIKA UND INTESTINALE ANTIPHLOGISTIKA/ANTIINFEKTIVA | X89: =LEFT(Table1[[#This Row],[Atc Code]],3) -> A07
A90: 2041 | B90: 03440544, 03440633 | C90: 2159239 | D90: Löschmeldung | E90: 43525 | F90: 44012 | G90: =F90-E90 -> 487 | H90: 43553 | I90: 44008 | J90: Produktionsproblem | K90: Sulfasalazin HEXAL 500 mg magensaftresistente Filmtabletten | L90: A07EC01 | M90: Sulfasalazin | N90: nein | O90: H e x a l Aktiengesellschaft | P90: 08024-9081222 | Q90: hexal.reklamationen@hexal.com | R90: Herstellerwechsel | U90: Nein | V90: magensaftresistente Filmtablette | W90: =VLOOKUP(Table1[[#This Row],[Obergruppe ATC-Code]],Tabelle3!$A$2:$B$100,2) -> ANTIDIARRHOIKA UND INTESTINALE ANTIPHLOGISTIKA/ANTIINFEKTIVA | X90: =LEFT(Table1[[#This Row],[Atc Code]],3) -> A07
A91: 3032 | B91: 4947759 | C91: 2116571 | D91: Löschmeldung | E91: 43709 | F91: 44012 | G91: =F91-E91 -> 303 | H91: 43705 | I91: 44013 | J91: Produktionsproblem | K91: Pleon RA | L91: A07EC01 | M91: Sulfasalazin | N91: ja | O91: Sanofi-Aventis Deutschland GmbH | P91: 0800 52 52 010 | Q91: medinfo.de@sanofi.com | R91: Sonstige | U91: Nein | V91: magensaftresistente Filmtablette | W91: =VLOOKUP(Table1[[#This Row],[Obergruppe ATC-Code]],Tabelle3!$A$2:$B$100,2) -> ANTIDIARRHOIKA UND INTESTINALE ANTIPHLOGISTIKA/ANTIINFEKTIVA | X91: =LEFT(Table1[[#This Row],[Atc Code]],3) -> A07
A92: 2968 | B92: 4832252, 01923474, 01251483 | C92: 161306 | D92: Löschmeldung | E92: 43983 | F92: 44135 | G92: =F92-E92 -> 152 | H92: 43978 | I92: 44124 | J92: Produktionsproblem | K92: Azulfidine | L92: A07EC01 | M92: Sulfasalazin | N92: ja | O92: Pfizer Pharma PFE GmbH | P92: +49 (0)800 / 85 35 555 | Q92: eumedinfo@pfizer.com | R92: Herstellerwechsel | T92: Colo-Pleon - Einreichungsnummer: 0578934 | U92: Nein | V92: magensaftresistente Filmtablette | W92: =VLOOKUP(Table1[[#This Row],[Obergruppe ATC-Code]],Tabelle3!$A$2:$B$100,2) -> ANTIDIARRHOIKA UND INTESTINALE ANTIPHLOGISTIKA/ANTIINFEKTIVA | X92: =LEFT(Table1[[#This Row],[Atc Code]],3) -> A07
A93: 2969 | B93: 4832252, 01923474, 01251483 | C93: 161329 | D93: Löschmeldung | E93: 44105 | F93: 44255 | G93: =F93-E93 -> 150 | H93: 44124 | I93: 44236 | J93: Produktionsproblem | K93: Azulfidine Tabletten | L93: A07EC01 | M93: Sulfasalazin | N93: nein | O93: Pfizer Pharma PFE GmbH | P93: +49 (0) 800 8535555 | Q93: eumedinfo@pfizer.com | R93: Herstellerwechsel | T93: Colo-Pleon - Einreichungsnummer: 0578934 | U93: Nein | V93: Tablette | W93: =VLOOKUP(Table1[[#This Row],[Obergruppe ATC-Code]],Tabelle3!$A$2:$B$100,2) -> ANTIDIARRHOIKA UND INTESTINALE ANTIPHLOGISTIKA/ANTIINFEKTIVA | X93: =LEFT(Table1[[#This Row],[Atc Code]],3) -> A07
A94: 1977 | B94: 02648337, 02648366 | C94: 2127172 | D94: Löschmeldung | E94: 44845 | F94: 44882 | G94: =F94-E94 -> 37 | H94: 44845 | I94: 44882 | J94: Sonstige | K94: Pentasa 500mg Retardtabletten | L94: A07EC02 | M94: Mesalazin | N94: nein | O94: Ferring GmbH | P94: 4315852134 | Q94: petra.wagner@ferring.com | R94: Erhöhte Nachfrage | U94: Vorgesehen | V94: Retardtablette | W94: =VLOOKUP(Table1[[#This Row],[Obergruppe ATC-Code]],Tabelle3!$A$2:$B$100,2) -> ANTIDIARRHOIKA UND INTESTINALE ANTIPHLOGISTIKA/ANTIINFEKTIVA | X94: =LEFT(Table1[[#This Row],[Atc Code]],3) -> A07
A95: 1495 | B95: 15619030 | C95: 2202543 | D95: Löschmeldung | E95: 45187 | F95: 45194 | G95: =F95-E95 -> 7 | H95: 45145 | I95: 45194 | J95: Produktionsproblem | K95: Asacol 1600 mg Tablette mit veränderter Wirkstofffreisetzung | L95: A07EC02 | M95: Mesalazin | N95: nein | O95: Tillotts Pharma GmbH | Q95: florian.poell@tillotts.com | R95: Probleme in der Herstellung | S95: Die 90 Tabletten Packung (PZN: 15619047) ist weiter verfügbar. | U95: Nein | V95: Tablette mit veränderter Wirkstofffreisetzung | W95: =VLOOKUP(Table1[[#This Row],[Obergruppe ATC-Code]],Tabelle3!$A$2:$B$100,2) -> ANTIDIARRHOIKA UND INTESTINALE ANTIPHLOGISTIKA/ANTIINFEKTIVA | X95: =LEFT(Table1[[#This Row],[Atc Code]],3) -> A07
A96: 2962 | B96: 436476, 00436453 | C96: 751835 | D96: Löschmeldung | E96: 43191 | F96: 43281 | G96: =F96-E96 -> 90 | H96: 43238 | I96: 43273 | J96: Produktionsproblem | K96: Cotazym 40.000 | L96: A09AA02 | M96: Pankreas-Pulver vom Schwein | N96: ja | O96: Nordmark Arzneimittel GmbH & Co. KG | P96: 383485390 | Q96: info@cheplapharm.com | R96: Sonstige | T96: Cotazym 30.000 - Einreichungsnummer: 0528238 | U96: Nein | V96: magensaftresistente Hartkapsel | W96: =VLOOKUP(Table1[[#This Row],[Obergruppe ATC-Code]],Tabelle3!$A$2:$B$100,2) -> DIGESTIVA, INKL. ENZYME | X96: =LEFT(Table1[[#This Row],[Atc Code]],3) -> A09
A97: 2961 | B97: 436476, 00436453 | C97: 751835 | D97: Löschmeldung | E97: 43282 | F97: 43373 | G97: =F97-E97 -> 91 | H97: 43298 | I97: 43367 | J97: Produktionsproblem | K97: Cotazym 40.000 | L97: A09AA02 | M97: Pankreas-Pulver vom Schwein | N97: ja | O97: Nordmark Arzneimittel GmbH & Co. KG | P97: 383485390 | Q97: info@cheplapharm.com | R97: Sonstige | T97: Cotazym 30.000 - Einreichungsnummer: 0528238 | U97: Nein | V97: magensaftresistente Hartkapsel | W97: =VLOOKUP(Table1[[#This Row],[Obergruppe ATC-Code]],Tabelle3!$A$2:$B$100,2) -> DIGESTIVA, INKL. ENZYME | X97: =LEFT(Table1[[#This Row],[Atc Code]],3) -> A09
A98: 2208 | B98: 05135756 | C98: 2155219 | D98: Löschmeldung | E98: 43435 | F98: 43646 | G98: =F98-E98 -> 211 | H98: 43234 | I98: 43616 | J98: Produktionsproblem | K98: Ozym 40.000 | L98: A09AA02 | M98: Pankreas-Pulver vom Schwein | N98: nein | O98: Trommsdorff GmbH & Co. KG | P98: 02404/553-01 | Q98: trommsdorff@trommsdorff.de | R98: Sonstige | U98: Nein | V98: magensaftresistente Hartkapsel | W98: =VLOOKUP(Table1[[#This Row],[Obergruppe ATC-Code]],Tabelle3!$A$2:$B$100,2) -> DIGESTIVA, INKL. ENZYME | X98: =LEFT(Table1[[#This Row],[Atc Code]],3) -> A09
A99: 1831 | B99: 01224753, 01224776, 01224782, 01224799 | C99: 2150106 | D99: Löschmeldung | E99: 42095 | F99: 45138 | G99: =F99-E99 -> 3043 | H99: 43223 | I99: 45058 | J99: Produktionsproblem | K99: Kreon 40 000 | L99: A09AA02 | M99: Pankreas-Pulver vom Schwein | N99: nein | O99: Abbott Laboratories GmbH | P99: +49 (0) 511/47543400 | Q99: de.regaffairs@viatris.com | R99: Sonstige | S99: Die Vermarktung von Kreon 40000 wird in Kürze in Deutschland eingestellt. Der Lieferengpass von Kreon 40000 beruhte nicht auf Qualitäts-, Sicherheits- oder Wirksamkeitsproblemen mit dem Wirkstoff/Arzneimittel, oder Problemen im Produktionsprozess, sondern der weltweit begrenzten Verfügbarkeit von Schweine-Bauchspeicheldrüsen mit hoher Lipaseaktivität (elementares Ausgangsmaterial für Kreon 40.000). Kreon 40.000 kann durch niedrigere Kreon Stärken ersetzt werden. | T99: Kreon 25 000 - Einreichungsnummer: 2122525 | U99: Ja | V99: keine eindeutige Darreichungsform | W99: =VLOOKUP(Table1[[#This Row],[Obergruppe ATC-Code]],Tabelle3!$A$2:$B$100,2) -> DIGESTIVA, INKL. ENZYME | X99: =LEFT(Table1[[#This Row],[Atc Code]],3) -> A09
A100: 2236 | B100: 05961129, 05961106 | C100: 2711295 | D100: Löschmeldung | E100: 44228 | F100: 44316 | G100: =F100-E100 -> 88 | H100: 44265 | I100: 44294 | J100: Produktionsproblem | K100: Insuman Rapid 100 I.E./ml Injektionslösung in Durchstechflasche - OP10ml | L100: A10AB01 | M100: Insulin human ((mit Angaben zur Herstellung)) | N100: ja | O100: Sanofi-Aventis Deutschland GmbH | P100: 0800 52 52 010 | Q100: medinfo.de@sanofi.com | R100: Sonstige | U100: Nein | V100: Injektionslösung | W100: =VLOOKUP(Table1[[#This Row],[Obergruppe ATC-Code]],Tabelle3!$A$2:$B$100,2) -> ANTIDIABETIKA | X100: =LEFT(Table1[[#This Row],[Atc Code]],3) -> A10
...

Sheet Tabelle3
B1: Spalte1 | C1: 2017-01-01 | D1: 2017-02-01 | E1: 2017-03-01 | F1: 2017-04-01 | G1: 2017-05-01 | H1: 2017-06-01 | I1: 2017-07-01 | J1: 2017-08-01 | K1: 2017-09-01 | L1: 2017-10-01 | M1: 2017-11-01 | N1: 2017-12-01 | O1: 2018-01-01 | P1: 2018-02-01 | Q1: 2018-03-01 | R1: 2018-04-01 | S1: 2018-05-01 | T1: 2018-06-01 | U1: 2018-07-01 | V1: 2018-08-01 | W1: 2018-09-01 | X1: 2018-10-01 | Y1: 2018-11-01 | Z1: 2018-12-01 | AA1: 2019-01-01 | AB1: 2019-02-01 | AC1: 2019-03-01 | AD1: 2019-04-01 | AE1: 2019-05-01 | AF1: 2019-06-01 | AG1: 2019-07-01 | AH1: 2019-08-01 | AI1: 2019-09-01 | AJ1: 2019-10-01 | AK1: 2019-11-01 | AL1: 2019-12-01 | AM1: 2020-01-01 | AN1: 2020-02-01 | AO1: 2020-03-01 | AP1: 2020-04-01 | AQ1: 2020-05-01 | AR1: 2020-06-01 | AS1: 2020-07-01 | AT1: 2020-08-01 | AU1: 2020-09-01 | AV1: 2020-10-01 | AW1: 2020-11-01 | AX1: 2020-12-01 | AY1: 2021-01-01 | AZ1: 2021-02-01 | BA1: 2021-03-01 | BB1: 2021-04-01 | BC1: 2021-05-01 | BD1: 2021-06-01 | BE1: 2021-07-01 | BF1: 2021-08-01 | BG1: 2021-09-01 | BH1: 2021-10-01 | BI1: 2021-11-01 | BJ1: 2021-12-01 | BK1: 2022-01-01 | BL1: 2022-02-01 | BM1: 2022-03-01 | BN1: 2022-04-01 | BO1: 2022-05-01 | BP1: 2022-06-01 | BQ1: 2022-07-01 | BR1: 2022-08-01 | BS1: 2022-09-01 | BT1: 2022-10-01 | BU1: 2022-11-01 | BV1: 2022-12-01 | BW1: 2023-01-01 | BX1: 2023-02-01 | BY1: 2023-03-01 | BZ1: 2023-04-01 | CA1: 2023-05-01 | CB1: 2023-06-01 | CC1: 2023-07-01 | CD1: 2023-08-01 | CE1: 2023-09-01 | CF1: 2023-10-01 | CG1: 2023-11-01 | CH1: 2023-12-01 | CI1: 2024-01-01 | CJ1: 2024-02-01 | CK1: 2024-03-01 | CL1: 2024-04-01 | CM1: 2024-05-01 | CN1: 2024-06-01 | CO1: 2024-07-01 | CP1: 2024-08-01 | CQ1: 2024-09-01 | CR1: 2024-10-01 | CS1: 2024-11-01 | CT1: 2024-12-01
A2: A01 | B2: STOMATOLOGIKA | C2: =COUNTIFS(INDIRECT("Table1[Beginn]"),"<="&C$1,INDIRECT("Table1[Ende]"),">="&C$1,INDIRECT("Table1[Obergruppe ATC-Code]"),Tabelle3!$A2) -> 0 | D2: =COUNTIFS(INDIRECT("Table1[Beginn]"),"<="&D$1,INDIRECT("Table1[Ende]"),">="&D$1,INDIRECT("Table1[Obergruppe ATC-Code]"),Tabelle3!$A2) -> 0 | E2: =COUNTIFS(INDIRECT("Table1[Beginn]"),"<="&E$1,INDIRECT("Table1[Ende]"),">="&E$1,INDIRECT("Table1[Obergruppe ATC-Code]"),Tabelle3!$A2) -> 0 | F2: =COUNTIFS(INDIRECT("Table1[Beginn]"),"<="&F$1,INDIRECT("Table1[Ende]"),">="&F$1,INDIRECT("Table1[Obergruppe ATC-Code]"),Tabelle3!$A2) -> 0 | G2: =COUNTIFS(INDIRECT("Table1[Beginn]"),"<="&G$1,INDIRECT("Table1[Ende]"),">="&G$1,INDIRECT("Table1[Obergruppe ATC-Code]"),Tabelle3!$A2) -> 0 | H2: =COUNTIFS(INDIRECT("Table1[Beginn]"),"<="&H$1,INDIRECT("Table1[Ende]"),">="&H$1,INDIRECT("Table1[Obergruppe ATC-Code]"),Tabelle3!$A2) -> 1 | I2: =COUNTIFS(INDIRECT("Table1[Beginn]"),"<="&I$1,INDIRECT("Table1[Ende]"),">="&I$1,INDIRECT("Table1[Obergruppe ATC-Code]"),Tabelle3!$A2) -> 1 | J2: =COUNTIFS(INDIRECT("Table1[Beginn]"),"<="&J$1,INDIRECT("Table1[Ende]"),">="&J$1,INDIRECT("Table1[Obergruppe ATC-Code]"),Tabelle3!$A2) -> 0 | ... CT2: =COUNTIFS(INDIRECT("Table1[Beginn]"),"<="&CT$1,INDIRECT("Table1[Ende]"),">="&CT$1,INDIRECT("Table1[Obergruppe ATC-Code]"),Tabelle3!$A2) -> 0 | CU2: - gesamtheitlich 2020 und 2023 starke Ausreißer nach oben - 2023-Ausreßer wesentlich größer als 2020 - L01 konstant etwas höher mit leichtem Peak von 2020 bis 2023 - zwischen 2018 und 2021 C09 mit Abstand am häufigsten betroffen - J01 2023 am häufigsten betroffen - N02 ebenfalls nicht unwesentlicher Peak 2023
A3: A02 | B3: MITTEL BEI SÄURE BEDINGTEN ERKRANKUNGEN | C3: =COUNTIFS(INDIRECT("Table1[Beginn]"),"<="&C$1,INDIRECT("Table1[Ende]"),">="&C$1,INDIRECT("Table1[Obergruppe ATC-Code]"),Tabelle3!$A3) -> 0 | D3: =COUNTIFS(INDIRECT("Table1[Beginn]"),"<="&D$1,INDIRECT("Table1[Ende]"),">="&D$1,INDIRECT("Table1[Obergruppe ATC-Code]"),Tabelle3!$A3) -> 0 | E3: =COUNTIFS(INDIRECT("Table1[Beginn]"),"<="&E$1,INDIRECT("Table1[Ende]"),">="&E$1,INDIRECT("Table1[Obergruppe ATC-Code]"),Tabelle3!$A3) -> 0 | F3: =COUNTIFS(INDIRECT("Table1[Beginn]"),"<="&F$1,INDIRECT("Table1[Ende]"),">="&F$1,INDIRECT("Table1[Obergruppe ATC-Code]"),Tabelle3!$A3) -> 0 | G3: =COUNTIFS(INDIRECT("Table1[Beginn]"),"<="&G$1,INDIRECT("Table1[Ende]"),">="&G$1,INDIRECT("Table1[Obergruppe ATC-Code]"),Tabelle3!$A3) -> 0 | H3: =COUNTIFS(INDIRECT("Table1[Beginn]"),"<="&H$1,INDIRECT("Table1[Ende]"),">="&H$1,INDIRECT("Table1[Obergruppe ATC-Code]"),Tabelle3!$A3) -> 0 | I3: =COUNTIFS(INDIRECT("Table1[Beginn]"),"<="&I$1,INDIRECT("Table1[Ende]"),">="&I$1,INDIRECT("Table1[Obergruppe ATC-Code]"),Tabelle3!$A3) -> 0 | J3: =COUNTIFS(INDIRECT("Table1[Beginn]"),"<="&J$1,INDIRECT("Table1[Ende]"),">="&J$1,INDIRECT("Table1[Obergruppe ATC-Code]"),Tabelle3!$A3) -> 0 | ... CT3: =COUNTIFS(INDIRECT("Table1[Beginn]"),"<="&CT$1,INDIRECT("Table1[Ende]"),">="&CT$1,INDIRECT("Table1[Obergruppe ATC-Code]"),Tabelle3!$A3) -> 0
A4: A03 | B4: MITTEL BEI FUNKTIONELLEN GASTROINTESTINALEN STÖRUNGEN | C4: =COUNTIFS(INDIRECT("Table1[Beginn]"),"<="&C$1,INDIRECT("Table1[Ende]"),">="&C$1,INDIRECT("Table1[Obergruppe ATC-Code]"),Tabelle3!$A4) -> 0 | D4: =COUNTIFS(INDIRECT("Table1[Beginn]"),"<="&D$1,INDIRECT("Table1[Ende]"),">="&D$1,INDIRECT("Table1[Obergruppe ATC-Code]"),Tabelle3!$A4) -> 0 | E4: =COUNTIFS(INDIRECT("Table1[Beginn]"),"<="&E$1,INDIRECT("Table1[Ende]"),">="&E$1,INDIRECT("Table1[Obergruppe ATC-Code]"),Tabelle3!$A4) -> 0 | F4: =COUNTIFS(INDIRECT("Table1[Beginn]"),"<="&F$1,INDIRECT("Table1[Ende]"),">="&F$1,INDIRECT("Table1[Obergruppe ATC-Code]"),Tabelle3!$A4) -> 0 | G4: =COUNTIFS(INDIRECT("Table1[Beginn]"),"<="&G$1,INDIRECT("Table1[Ende]"),">="&G$1,INDIRECT("Table1[Obergruppe ATC-Code]"),Tabelle3!$A4) -> 0 | H4: =COUNTIFS(INDIRECT("Table1[Beginn]"),"<="&H$1,INDIRECT("Table1[Ende]"),">="&H$1,INDIRECT("Table1[Obergruppe ATC-Code]"),Tabelle3!$A4) -> 0 | I4: =COUNTIFS(INDIRECT("Table1[Beginn]"),"<="&I$1,INDIRECT("Table1[Ende]"),">="&I$1,INDIRECT("Table1[Obergruppe ATC-Code]"),Tabelle3!$A4) -> 0 | J4: =COUNTIFS(INDIRECT("Table1[Beginn]"),"<="&J$1,INDIRECT("Table1[Ende]"),">="&J$1,INDIRECT("Table1[Obergruppe ATC-Code]"),Tabelle3!$A4) -> 0 | ... CT4: =COUNTIFS(INDIRECT("Table1[Beginn]"),"<="&CT$1,INDIRECT("Table1[Ende]"),">="&CT$1,INDIRECT("Table1[Obergruppe ATC-Code]"),Tabelle3!$A4) -> 0
A5: A04 | B5: ANTIEMETIKA UND MITTEL GEGEN ÜBELKEIT | C5: =COUNTIFS(INDIRECT("Table1[Beginn]"),"<="&C$1,INDIRECT("Table1[Ende]"),">="&C$1,INDIRECT("Table1[Obergruppe ATC-Code]"),Tabelle3!$A5) -> 0 | D5: =COUNTIFS(INDIRECT("Table1[Beginn]"),"<="&D$1,INDIRECT("Table1[Ende]"),">="&D$1,INDIRECT("Table1[Obergruppe ATC-Code]"),Tabelle3!$A5) -> 0 | E5: =COUNTIFS(INDIRECT("Table1[Beginn]"),"<="&E$1,INDIRECT("Table1[Ende]"),">="&E$1,INDIRECT("Table1[Obergruppe ATC-Code]"),Tabelle3!$A5) -> 0 | F5: =COUNTIFS(INDIRECT("Table1[Beginn]"),"<="&F$1,INDIRECT("Table1[Ende]"),">="&F$1,INDIRECT("Table1[Obergruppe ATC-Code]"),Tabelle3!$A5) -> 0 | G5: =COUNTIFS(INDIRECT("Table1[Beginn]"),"<="&G$1,INDIRECT("Table1[Ende]"),">="&G$1,INDIRECT("Table1[Obergruppe ATC-Code]"),Tabelle3!$A5) -> 0 | H5: =COUNTIFS(INDIRECT("Table1[Beginn]"),"<="&H$1,INDIRECT("Table1[Ende]"),">="&H$1,INDIRECT("Table1[Obergruppe ATC-Code]"),Tabelle3!$A5) -> 0 | I5: =COUNTIFS(INDIRECT("Table1[Beginn]"),"<="&I$1,INDIRECT("Table1[Ende]"),">="&I$1,INDIRECT("Table1[Obergruppe ATC-Code]"),Tabelle3!$A5) -> 1 | J5: =COUNTIFS(INDIRECT("Table1[Beginn]"),"<="&J$1,INDIRECT("Table1[Ende]"),">="&J$1,INDIRECT("Table1[Obergruppe ATC-Code]"),Tabelle3!$A5) -> 1 | ... CT5: =COUNTIFS(INDIRECT("Table1[Beginn]"),"<="&CT$1,INDIRECT("Table1[Ende]"),">="&CT$1,INDIRECT("Table1[Obergruppe ATC-Code]"),Tabelle3!$A5) -> 0
A6: A05 | B6: GALLEN- UND LEBERTHERAPIE | C6: =COUNTIFS(INDIRECT("Table1[Beginn]"),"<="&C$1,INDIRECT("Table1[Ende]"),">="&C$1,INDIRECT("Table1[Obergruppe ATC-Code]"),Tabelle3!$A6) -> 0 | D6: =COUNTIFS(INDIRECT("Table1[Beginn]"),"<="&D$1,INDIRECT("Table1[Ende]"),">="&D$1,INDIRECT("Table1[Obergruppe ATC-Code]"),Tabelle3!$A6) -> 0 | E6: =COUNTIFS(INDIRECT("Table1[Beginn]"),"<="&E$1,INDIRECT("Table1[Ende]"),">="&E$1,INDIRECT("Table1[Obergruppe ATC-Code]"),Tabelle3!$A6) -> 0 | F6: =COUNTIFS(INDIRECT("Table1[Beginn]"),"<="&F$1,INDIRECT("Table1[Ende]"),">="&F$1,INDIRECT("Table1[Obergruppe ATC-Code]"),Tabelle3!$A6) -> 0 | G6: =COUNTIFS(INDIRECT("Table1[Beginn]"),"<="&G$1,INDIRECT("Table1[Ende]"),">="&G$1,INDIRECT("Table1[Obergruppe ATC-Code]"),Tabelle3!$A6) -> 0 | H6: =COUNTIFS(INDIRECT("Table1[Beginn]"),"<="&H$1,INDIRECT("Table1[Ende]"),">="&H$1,INDIRECT("Table1[Obergruppe ATC-Code]"),Tabelle3!$A6) -> 0 | I6: =COUNTIFS(INDIRECT("Table1[Beginn]"),"<="&I$1,INDIRECT("Table1[Ende]"),">="&I$1,INDIRECT("Table1[Obergruppe ATC-Code]"),Tabelle3!$A6) -> 0 | J6: =COUNTIFS(INDIRECT("Table1[Beginn]"),"<="&J$1,INDIRECT("Table1[Ende]"),">="&J$1,INDIRECT("Table1[Obergruppe ATC-Code]"),Tabelle3!$A6) -> 0 | ... CT6: =COUNTIFS(INDIRECT("Table1[Beginn]"),"<="&CT$1,INDIRECT("Table1[Ende]"),">="&CT$1,INDIRECT("Table1[Obergruppe ATC-Code]"),Tabelle3!$A6) -> 0
A7: A06 | B7: MITTEL GEGEN OBSTIPATION | C7: =COUNTIFS(INDIRECT("Table1[Beginn]"),"<="&C$1,INDIRECT("Table1[Ende]"),">="&C$1,INDIRECT("Table1[Obergruppe ATC-Code]"),Tabelle3!$A7) -> 0 | D7: =COUNTIFS(INDIRECT("Table1[Beginn]"),"<="&D$1,INDIRECT("Table1[Ende]"),">="&D$1,INDIRECT("Table1[Obergruppe ATC-Code]"),Tabelle3!$A7) -> 0 | E7: =COUNTIFS(INDIRECT("Table1[Beginn]"),"<="&E$1,INDIRECT("Table1[Ende]"),">="&E$1,INDIRECT("Table1[Obergruppe ATC-Code]"),Tabelle3!$A7) -> 0 | F7: =COUNTIFS(INDIRECT("Table1[Beginn]"),"<="&F$1,INDIRECT("Table1[Ende]"),">="&F$1,INDIRECT("Table1[Obergruppe ATC-Code]"),Tabelle3!$A7) -> 0 | G7: =COUNTIFS(INDIRECT("Table1[Beginn]"),"<="&G$1,INDIRECT("Table1[Ende]"),">="&G$1,INDIRECT("Table1[Obergruppe ATC-Code]"),Tabelle3!$A7) -> 0 | H7: =COUNTIFS(INDIRECT("Table1[Beginn]"),"<="&H$1,INDIRECT("Table1[Ende]"),">="&H$1,INDIRECT("Table1[Obergruppe ATC-Code]"),Tabelle3!$A7) -> 0 | I7: =COUNTIFS(INDIRECT("Table1[Beginn]"),"<="&I$1,INDIRECT("Table1[Ende]"),">="&I$1,INDIRECT("Table1[Obergruppe ATC-Code]"),Tabelle3!$A7) -> 0 | J7: =COUNTIFS(INDIRECT("Table1[Beginn]"),"<="&J$1,INDIRECT("Table1[Ende]"),">="&J$1,INDIRECT("Table1[Obergruppe ATC-Code]"),Tabelle3!$A7) -> 0 | ... CT7: =COUNTIFS(INDIRECT("Table1[Beginn]"),"<="&CT$1,INDIRECT("Table1[Ende]"),">="&CT$1,INDIRECT("Table1[Obergruppe ATC-Code]"),Tabelle3!$A7) -> 0
A8: A07 | B8: ANTIDIARRHOIKA UND INTESTINALE ANTIPHLOGISTIKA/ANTIINFEKTIVA | C8: =COUNTIFS(INDIRECT("Table1[Beginn]"),"<="&C$1,INDIRECT("Table1[Ende]"),">="&C$1,INDIRECT("Table1[Obergruppe ATC-Code]"),Tabelle3!$A8) -> 0 | D8: =COUNTIFS(INDIRECT("Table1[Beginn]"),"<="&D$1,INDIRECT("Table1[Ende]"),">="&D$1,INDIRECT("Table1[Obergruppe ATC-Code]"),Tabelle3!$A8) -> 0 | E8: =COUNTIFS(INDIRECT("Table1[Beginn]"),"<="&E$1,INDIRECT("Table1[Ende]"),">="&E$1,INDIRECT("Table1[Obergruppe ATC-Code]"),Tabelle3!$A8) -> 0 | F8: =COUNTIFS(INDIRECT("Table1[Beginn]"),"<="&F$1,INDIRECT("Table1[Ende]"),">="&F$1,INDIRECT("Table1[Obergruppe ATC-Code]"),Tabelle3!$A8) -> 0 | G8: =COUNTIFS(INDIRECT("Table1[Beginn]"),"<="&G$1,INDIRECT("Table1[Ende]"),">="&G$1,INDIRECT("Table1[Obergruppe ATC-Code]"),Tabelle3!$A8) -> 0 | H8: =COUNTIFS(INDIRECT("Table1[Beginn]"),"<="&H$1,INDIRECT("Table1[Ende]"),">="&H$1,INDIRECT("Table1[Obergruppe ATC-Code]"),Tabelle3!$A8) -> 0 | I8: =COUNTIFS(INDIRECT("Table1[Beginn]"),"<="&I$1,INDIRECT("Table1[Ende]"),">="&I$1,INDIRECT("Table1[Obergruppe ATC-Code]"),Tabelle3!$A8) -> 0 | J8: =COUNTIFS(INDIRECT("Table1[Beginn]"),"<="&J$1,INDIRECT("Table1[Ende]"),">="&J$1,INDIRECT("Table1[Obergruppe ATC-Code]"),Tabelle3!$A8) -> 0 | ... CT8: =COUNTIFS(INDIRECT("Table1[Beginn]"),"<="&CT$1,INDIRECT("Table1[Ende]"),">="&CT$1,INDIRECT("Table1[Obergruppe ATC-Code]"),Tabelle3!$A8) -> 1
A9: A08 | B9: ANTIADIPOSITA, EXKL. DIÄTETIKA | C9: =COUNTIFS(INDIRECT("Table1[Beginn]"),"<="&C$1,INDIRECT("Table1[Ende]"),">="&C$1,INDIRECT("Table1[Obergruppe ATC-Code]"),Tabelle3!$A9) -> 0 | D9: =COUNTIFS(INDIRECT("Table1[Beginn]"),"<="&D$1,INDIRECT("Table1[Ende]"),">="&D$1,INDIRECT("Table1[Obergruppe ATC-Code]"),Tabelle3!$A9) -> 0 | E9: =COUNTIFS(INDIRECT("Table1[Beginn]"),"<="&E$1,INDIRECT("Table1[Ende]"),">="&E$1,INDIRECT("Table1[Obergruppe ATC-Code]"),Tabelle3!$A9) -> 0 | F9: =COUNTIFS(INDIRECT("Table1[Beginn]"),"<="&F$1,INDIRECT("Table1[Ende]"),">="&F$1,INDIRECT("Table1[Obergruppe ATC-Code]"),Tabelle3!$A9) -> 0 | G9: =COUNTIFS(INDIRECT("Table1[Beginn]"),"<="&G$1,INDIRECT("Table1[Ende]"),">="&G$1,INDIRECT("Table1[Obergruppe ATC-Code]"),Tabelle3!$A9) -> 0 | H9: =COUNTIFS(INDIRECT("Table1[Beginn]"),"<="&H$1,INDIRECT("Table1[Ende]"),">="&H$1,INDIRECT("Table1[Obergruppe ATC-Code]"),Tabelle3!$A9) -> 0 | I9: =COUNTIFS(INDIRECT("Table1[Beginn]"),"<="&I$1,INDIRECT("Table1[Ende]"),">="&I$1,INDIRECT("Table1[Obergruppe ATC-Code]"),Tabelle3!$A9) -> 0 | J9: =COUNTIFS(INDIRECT("Table1[Beginn]"),"<="&J$1,INDIRECT("Table1[Ende]"),">="&J$1,INDIRECT("Table1[Obergruppe ATC-Code]"),Tabelle3!$A9) -> 0 | ... CT9: =COUNTIFS(INDIRECT("Table1[Beginn]"),"<="&CT$1,INDIRECT("Table1[Ende]"),">="&CT$1,INDIRECT("Table1[Obergruppe ATC-Code]"),Tabelle3!$A9) -> 0
A10: A09 | B10: DIGESTIVA, INKL. ENZYME | C10: =COUNTIFS(INDIRECT("Table1[Beginn]"),"<="&C$1,INDIRECT("Table1[Ende]"),">="&C$1,INDIRECT("Table1[Obergruppe ATC-Code]"),Tabelle3!$A10) -> 1 | D10: =COUNTIFS(INDIRECT("Table1[Beginn]"),"<="&D$1,INDIRECT("Table1[Ende]"),">="&D$1,INDIRECT("Table1[Obergruppe ATC-Code]"),Tabelle3!$A10) -> 1 | E10: =COUNTIFS(INDIRECT("Table1[Beginn]"),"<="&E$1,INDIRECT("Table1[Ende]"),">="&E$1,INDIRECT("Table1[Obergruppe ATC-Code]"),Tabelle3!$A10) -> 1 | F10: =COUNTIFS(INDIRECT("Table1[Beginn]"),"<="&F$1,INDIRECT("Table1[Ende]"),">="&F$1,INDIRECT("Table1[Obergruppe ATC-Code]"),Tabelle3!$A10) -> 1 | G10: =COUNTIFS(INDIRECT("Table1[Beginn]"),"<="&G$1,INDIRECT("Table1[Ende]"),">="&G$1,INDIRECT("Table1[Obergruppe ATC-Code]"),Tabelle3!$A10) -> 1 | H10: =COUNTIFS(INDIRECT("Table1[Beginn]"),"<="&H$1,INDIRECT("Table1[Ende]"),">="&H$1,INDIRECT("Table1[Obergruppe ATC-Code]"),Tabelle3!$A10) -> 1 | I10: =COUNTIFS(INDIRECT("Table1[Beginn]"),"<="&I$1,INDIRECT("Table1[Ende]"),">="&I$1,INDIRECT("Table1[Obergruppe ATC-Code]"),Tabelle3!$A10) -> 1 | J10: =COUNTIFS(INDIRECT("Table1[Beginn]"),"<="&J$1,INDIRECT("Table1[Ende]"),">="&J$1,INDIRECT("Table1[Obergruppe ATC-Code]"),Tabelle3!$A10) -> 1 | ... CT10: =COUNTIFS(INDIRECT("Table1[Beginn]"),"<="&CT$1,INDIRECT("Table1[Ende]"),">="&CT$1,INDIRECT("Table1[Obergruppe ATC-Code]"),Tabelle3!$A10) -> 0
A11: A10 | B11: ANTIDIABETIKA | C11: =COUNTIFS(INDIRECT("Table1[Beginn]"),"<="&C$1,INDIRECT("Table1[Ende]"),">="&C$1,INDIRECT("Table1[Obergruppe ATC-Code]"),Tabelle3!$A11) -> 0 | D11: =COUNTIFS(INDIRECT("Table1[Beginn]"),"<="&D$1,INDIRECT("Table1[Ende]"),">="&D$1,INDIRECT("Table1[Obergruppe ATC-Code]"),Tabelle3!$A11) -> 0 | E11: =COUNTIFS(INDIRECT("Table1[Beginn]"),"<="&E$1,INDIRECT("Table1[Ende]"),">="&E$1,INDIRECT("Table1[Obergruppe ATC-Code]"),Tabelle3!$A11) -> 0 | F11: =COUNTIFS(INDIRECT("Table1[Beginn]"),"<="&F$1,INDIRECT("Table1[Ende]"),">="&F$1,INDIRECT("Table1[Obergruppe ATC-Code]"),Tabelle3!$A11) -> 0 | G11: =COUNTIFS(INDIRECT("Table1[Beginn]"),"<="&G$1,INDIRECT("Table1[Ende]"),">="&G$1,INDIRECT("Table1[Obergruppe ATC-Code]"),Tabelle3!$A11) -> 0 | H11: =COUNTIFS(INDIRECT("Table1[Beginn]"),"<="&H$1,INDIRECT("Table1[Ende]"),">="&H$1,INDIRECT("Table1[Obergruppe ATC-Code]"),Tabelle3!$A11) -> 0 | I11: =COUNTIFS(INDIRECT("Table1[Beginn]"),"<="&I$1,INDIRECT("Table1[Ende]"),">="&I$1,INDIRECT("Table1[Obergruppe ATC-Code]"),Tabelle3!$A11) -> 0 | J11: =COUNTIFS(INDIRECT("Table1[Beginn]"),"<="&J$1,INDIRECT("Table1[Ende]"),">="&J$1,INDIRECT("Table1[Obergruppe ATC-Code]"),Tabelle3!$A11) -> 0 | ... CT11: =COUNTIFS(INDIRECT("Table1[Beginn]"),"<="&CT$1,INDIRECT("Table1[Ende]"),">="&CT$1,INDIRECT("Table1[Obergruppe ATC-Code]"),Tabelle3!$A11) -> 1
A12: A11 | B12: VITAMINE | C12: =COUNTIFS(INDIRECT("Table1[Beginn]"),"<="&C$1,INDIRECT("Table1[Ende]"),">="&C$1,INDIRECT("Table1[Obergruppe ATC-Code]"),Tabelle3!$A12) -> 0 | D12: =COUNTIFS(INDIRECT("Table1[Beginn]"),"<="&D$1,INDIRECT("Table1[Ende]"),">="&D$1,INDIRECT("Table1[Obergruppe ATC-Code]"),Tabelle3!$A12) -> 0 | E12: =COUNTIFS(INDIRECT("Table1[Beginn]"),"<="&E$1,INDIRECT("Table1[Ende]"),">="&E$1,INDIRECT("Table1[Obergruppe ATC-Code]"),Tabelle3!$A12) -> 0 | F12: =COUNTIFS(INDIRECT("Table1[Beginn]"),"<="&F$1,INDIRECT("Table1[Ende]"),">="&F$1,INDIRECT("Table1[Obergruppe ATC-Code]"),Tabelle3!$A12) -> 0 | G12: =COUNTIFS(INDIRECT("Table1[Beginn]"),"<="&G$1,INDIRECT("Table1[Ende]"),">="&G$1,INDIRECT("Table1[Obergruppe ATC-Code]"),Tabelle3!$A12) -> 0 | H12: =COUNTIFS(INDIRECT("Table1[Beginn]"),"<="&H$1,INDIRECT("Table1[Ende]"),">="&H$1,INDIRECT("Table1[Obergruppe ATC-Code]"),Tabelle3!$A12) -> 0 | I12: =COUNTIFS(INDIRECT("Table1[Beginn]"),"<="&I$1,INDIRECT("Table1[Ende]"),">="&I$1,INDIRECT("Table1[Obergruppe ATC-Code]"),Tabelle3!$A12) -> 0 | J12: =COUNTIFS(INDIRECT("Table1[Beginn]"),"<="&J$1,INDIRECT("Table1[Ende]"),">="&J$1,INDIRECT("Table1[Obergruppe ATC-Code]"),Tabelle3!$A12) -> 0 | ... CT12: =COUNTIFS(INDIRECT("Table1[Beginn]"),"<="&CT$1,INDIRECT("Table1[Ende]"),">="&CT$1,INDIRECT("Table1[Obergruppe ATC-Code]"),Tabelle3!$A12) -> 0
A13: A12 | B13: MINERALSTOFFE | C13: =COUNTIFS(INDIRECT("Table1[Beginn]"),"<="&C$1,INDIRECT("Table1[Ende]"),">="&C$1,INDIRECT("Table1[Obergruppe ATC-Code]"),Tabelle3!$A13) -> 0 | D13: =COUNTIFS(INDIRECT("Table1[Beginn]"),"<="&D$1,INDIRECT("Table1[Ende]"),">="&D$1,INDIRECT("Table1[Obergruppe ATC-Code]"),Tabelle3!$A13) -> 0 | E13: =COUNTIFS(INDIRECT("Table1[Beginn]"),"<="&E$1,INDIRECT("Table1[Ende]"),">="&E$1,INDIRECT("Table1[Obergruppe ATC-Code]"),Tabelle3!$A13) -> 0 | F13: =COUNTIFS(INDIRECT("Table1[Beginn]"),"<="&F$1,INDIRECT("Table1[Ende]"),">="&F$1,INDIRECT("Table1[Obergruppe ATC-Code]"),Tabelle3!$A13) -> 0 | G13: =COUNTIFS(INDIRECT("Table1[Beginn]"),"<="&G$1,INDIRECT("Table1[Ende]"),">="&G$1,INDIRECT("Table1[Obergruppe ATC-Code]"),Tabelle3!$A13) -> 0 | H13: =COUNTIFS(INDIRECT("Table1[Beginn]"),"<="&H$1,INDIRECT("Table1[Ende]"),">="&H$1,INDIRECT("Table1[Obergruppe ATC-Code]"),Tabelle3!$A13) -> 0 | I13: =COUNTIFS(INDIRECT("Table1[Beginn]"),"<="&I$1,INDIRECT("Table1[Ende]"),">="&I$1,INDIRECT("Table1[Obergruppe ATC-Code]"),Tabelle3!$A13) -> 0 | J13: =COUNTIFS(INDIRECT("Table1[Beginn]"),"<="&J$1,INDIRECT("Table1[Ende]"),">="&J$1,INDIRECT("Table1[Obergruppe ATC-Code]"),Tabelle3!$A13) -> 0 | ... CT13: =COUNTIFS(INDIRECT("Table1[Beginn]"),"<="&CT$1,INDIRECT("Table1[Ende]"),">="&CT$1,INDIRECT("Table1[Obergruppe ATC-Code]"),Tabelle3!$A13) -> 0
A14: A13 | B14: TONIKA | C14: =COUNTIFS(INDIRECT("Table1[Beginn]"),"<="&C$1,INDIRECT("Table1[Ende]"),">="&C$1,INDIRECT("Table1[Obergruppe ATC-Code]"),Tabelle3!$A14) -> 0 | D14: =COUNTIFS(INDIRECT("Table1[Beginn]"),"<="&D$1,INDIRECT("Table1[Ende]"),">="&D$1,INDIRECT("Table1[Obergruppe ATC-Code]"),Tabelle3!$A14) -> 0 | E14: =COUNTIFS(INDIRECT("Table1[Beginn]"),"<="&E$1,INDIRECT("Table1[Ende]"),">="&E$1,INDIRECT("Table1[Obergruppe ATC-Code]"),Tabelle3!$A14) -> 0 | F14: =COUNTIFS(INDIRECT("Table1[Beginn]"),"<="&F$1,INDIRECT("Table1[Ende]"),">="&F$1,INDIRECT("Table1[Obergruppe ATC-Code]"),Tabelle3!$A14) -> 0 | G14: =COUNTIFS(INDIRECT("Table1[Beginn]"),"<="&G$1,INDIRECT("Table1[Ende]"),">="&G$1,INDIRECT("Table1[Obergruppe ATC-Code]"),Tabelle3!$A14) -> 0 | H14: =COUNTIFS(INDIRECT("Table1[Beginn]"),"<="&H$1,INDIRECT("Table1[Ende]"),">="&H$1,INDIRECT("Table1[Obergruppe ATC-Code]"),Tabelle3!$A14) -> 0 | I14: =COUNTIFS(INDIRECT("Table1[Beginn]"),"<="&I$1,INDIRECT("Table1[Ende]"),">="&I$1,INDIRECT("Table1[Obergruppe ATC-Code]"),Tabelle3!$A14) -> 0 | J14: =COUNTIFS(INDIRECT("Table1[Beginn]"),"<="&J$1,INDIRECT("Table1[Ende]"),">="&J$1,INDIRECT("Table1[Obergruppe ATC-Code]"),Tabelle3!$A14) -> 0 | ... CT14: =COUNTIFS(INDIRECT("Table1[Beginn]"),"<="&CT$1,INDIRECT("Table1[Ende]"),">="&CT$1,INDIRECT("Table1[Obergruppe ATC-Code]"),Tabelle3!$A14) -> 0
... A35: D03 | B35: ZUBEREITUNGEN ZUR BEHANDLUNG VON WUNDEN UND GESCHWÜREN | C35: =COUNTIFS(INDIRECT("Table1[Beginn]"),"<="&C$1,INDIRECT("Table1[Ende]"),">="&C$1,INDIRECT("Table1[Obergruppe ATC-Code]"),Tabelle3!$A35) -> 0 | D35: =COUNTIFS(INDIRECT("Table1[Beginn]"),"<="&D$1,INDIRECT("Table1[Ende]"),">="&D$1,INDIRECT("Table1[Obergruppe ATC-Code]"),Tabelle3!$A35) -> 0 | E35: =COUNTIFS(INDIRECT("Table1[Beginn]"),"<="&E$1,INDIRECT("Table1[Ende]"),">="&E$1,INDIRECT("Table1[Obergruppe ATC-Code]"),Tabelle3!$A35) -> 0 | F35: =COUNTIFS(INDIRECT("Table1[Beginn]"),"<="&F$1,INDIRECT("Table1[Ende]"),">="&F$1,INDIRECT("Table1[Obergruppe ATC-Code]"),Tabelle3!$A35) -> 0 | G35: =COUNTIFS(INDIRECT("Table1[Beginn]"),"<="&G$1,INDIRECT("Table1[Ende]"),">="&G$1,INDIRECT("Table1[Obergruppe ATC-Code]"),Tabelle3!$A35) -> 0 | H35: =COUNTIFS(INDIRECT("Table1[Beginn]"),"<="&H$1,INDIRECT("Table1[Ende]"),">="&H$1,INDIRECT("Table1[Obergruppe ATC-Code]"),Tabelle3!$A35) -> 0 | I35: =COUNTIFS(INDIRECT("Table1[Beginn]"),"<="&I$1,INDIRECT("Table1[Ende]"),">="&I$1,INDIRECT("Table1[Obergruppe ATC-Code]"),Tabelle3!$A35) -> 0 | J35: =COUNTIFS(INDIRECT("Table1[Beginn]"),"<="&J$1,INDIRECT("Table1[Ende]"),">="&J$1,INDIRECT("Table1[Obergruppe ATC-Code]"),Tabelle3!$A35) -> 0 | ... CT35: =COUNTIFS(INDIRECT("Table1[Beginn]"),"<="&CT$1,INDIRECT("Table1[Ende]"),">="&CT$1,INDIRECT("Table1[Obergruppe ATC-Code]"),Tabelle3!$A35) -> 0
A36: D04 | B36: ANTIPRURIGINOSA, INKL. ANTIHISTAMINIKA, ANÄSTHETIKA ETC. | C36: =COUNTIFS(INDIRECT("Table1[Beginn]"),"<="&C$1,INDIRECT("Table1[Ende]"),">="&C$1,INDIRECT("Table1[Obergruppe ATC-Code]"),Tabelle3!$A36) -> 0 | D36: =COUNTIFS(INDIRECT("Table1[Beginn]"),"<="&D$1,INDIRECT("Table1[Ende]"),">="&D$1,INDIRECT("Table1[Obergruppe ATC-Code]"),Tabelle3!$A36) -> 0 | E36: =COUNTIFS(INDIRECT("Table1[Beginn]"),"<="&E$1,INDIRECT("Table1[Ende]"),">="&E$1,INDIRECT("Table1[Obergruppe ATC-Code]"),Tabelle3!$A36) -> 0 | F36: =COUNTIFS(INDIRECT("Table1[Beginn]"),"<="&F$1,INDIRECT("Table1[Ende]"),">="&F$1,INDIRECT("Table1[Obergruppe ATC-Code]"),Tabelle3!$A36) -> 0 | G36: =COUNTIFS(INDIRECT("Table1[Beginn]"),"<="&G$1,INDIRECT("Table1[Ende]"),">="&G$1,INDIRECT("Table1[Obergruppe ATC-Code]"),Tabelle3!$A36) -> 0 | H36: =COUNTIFS(INDIRECT("Table1[Beginn]"),"<="&H$1,INDIRECT("Table1[Ende]"),">="&H$1,INDIRECT("Table1[Obergruppe ATC-Code]"),Tabelle3!$A36) -> 0 | I36: =COUNTIFS(INDIRECT("Table1[Beginn]"),"<="&I$1,INDIRECT("Table1[Ende]"),">="&I$1,INDIRECT("Table1[Obergruppe ATC-Code]"),Tabelle3!$A36) -> 0 | J36: =COUNTIFS(INDIRECT("Table1[Beginn]"),"<="&J$1,INDIRECT("Table1[Ende]"),">="&J$1,INDIRECT("Table1[Obergruppe ATC-Code]"),Tabelle3!$A36) -> 0 | ... CT36: =COUNTIFS(INDIRECT("Table1[Beginn]"),"<="&CT$1,INDIRECT("Table1[Ende]"),">="&CT$1,INDIRECT("Table1[Obergruppe ATC-Code]"),Tabelle3!$A36) -> 0 | CU36: - absolute Zahlen nicht sonderlich aussagekräftig da in einer Gruppe mehr Medikamente enthalten sein können oder Relevanz verschieden sein könnte - nach 2023 sieht es nach Abklingen aus, allerdings ist dies eine Täuschung da der letzte Punkt 2024 nur Vermutungen sind - 2020 ist Corona wohl verantwortlich - 2023 Ukraine-Krieg?
A37: D05 | B37: ANTIPSORIATIKA | C37: =COUNTIFS(INDIRECT("Table1[Beginn]"),"<="&C$1,INDIRECT("Table1[Ende]"),">="&C$1,INDIRECT("Table1[Obergruppe ATC-Code]"),Tabelle3!$A37) -> 0 | D37: =COUNTIFS(INDIRECT("Table1[Beginn]"),"<="&D$1,INDIRECT("Table1[Ende]"),">="&D$1,INDIRECT("Table1[Obergruppe ATC-Code]"),Tabelle3!$A37) -> 0 | E37: =COUNTIFS(INDIRECT("Table1[Beginn]"),"<="&E$1,INDIRECT("Table1[Ende]"),">="&E$1,INDIRECT("Table1[Obergruppe ATC-Code]"),Tabelle3!$A37) -> 0 | F37: =COUNTIFS(INDIRECT("Table1[Beginn]"),"<="&F$1,INDIRECT("Table1[Ende]"),">="&F$1,INDIRECT("Table1[Obergruppe ATC-Code]"),Tabelle3!$A37) -> 0 | G37: =COUNTIFS(INDIRECT("Table1[Beginn]"),"<="&G$1,INDIRECT("Table1[Ende]"),">="&G$1,INDIRECT("Table1[Obergruppe ATC-Code]"),Tabelle3!$A37) -> 0 | H37: =COUNTIFS(INDIRECT("Table1[Beginn]"),"<="&H$1,INDIRECT("Table1[Ende]"),">="&H$1,INDIRECT("Table1[Obergruppe ATC-Code]"),Tabelle3!$A37) -> 0 | I37: =COUNTIFS(INDIRECT("Table1[Beginn]"),"<="&I$1,INDIRECT("Table1[Ende]"),">="&I$1,INDIRECT("Table1[Obergruppe ATC-Code]"),Tabelle3!$A37) -> 0 | J37: =COUNTIFS(INDIRECT("Table1[Beginn]"),"<="&J$1,INDIRECT("Table1[Ende]"),">="&J$1,INDIRECT("Table1[Obergruppe ATC-Code]"),Tabelle3!$A37) -> 0 | ... CT37: =COUNTIFS(INDIRECT("Table1[Beginn]"),"<="&CT$1,INDIRECT("Table1[Ende]"),">="&CT$1,INDIRECT("Table1[Obergruppe ATC-Code]"),Tabelle3!$A37) -> 0
A38: D06 | B38: ANTIBIOTIKA UND CHEMOTHERAPEUTIKA ZUR DERMATOLOGISCHEN ANWENDUNG | C38: =COUNTIFS(INDIRECT("Table1[Beginn]"),"<="&C$1,INDIRECT("Table1[Ende]"),">="&C$1,INDIRECT("Table1[Obergruppe ATC-Code]"),Tabelle3!$A38) -> 0 | D38: =COUNTIFS(INDIRECT("Table1[Beginn]"),"<="&D$1,INDIRECT("Table1[Ende]"),">="&D$1,INDIRECT("Table1[Obergruppe ATC-Code]"),Tabelle3!$A38) -> 0 | E38: =COUNTIFS(INDIRECT("Table1[Beginn]"),"<="&E$1,INDIRECT("Table1[Ende]"),">="&E$1,INDIRECT("Table1[Obergruppe ATC-Code]"),Tabelle3!$A38) -> 0 | F38: =COUNTIFS(INDIRECT("Table1[Beginn]"),"<="&F$1,INDIRECT("Table1[Ende]"),">="&F$1,INDIRECT("Table1[Obergruppe ATC-Code]"),Tabelle3!$A38) -> 0 | G38: =COUNTIFS(INDIRECT("Table1[Beginn]"),"<="&G$1,INDIRECT("Table1[Ende]"),">="&G$1,INDIRECT("Table1[Obergruppe ATC-Code]"),Tabelle3!$A38) -> 0 | H38: =COUNTIFS(INDIRECT("Table1[Beginn]"),"<="&H$1,INDIRECT("Table1[Ende]"),">="&H$1,INDIRECT("Table1[Obergruppe ATC-Code]"),Tabelle3!$A38) -> 0 | I38: =COUNTIFS(INDIRECT("Table1[Beginn]"),"<="&I$1,INDIRECT("Table1[Ende]"),">="&I$1,INDIRECT("Table1[Obergruppe ATC-Code]"),Tabelle3!$A38) -> 0 | J38: =COUNTIFS(INDIRECT("Table1[Beginn]"),"<="&J$1,INDIRECT("Table1[Ende]"),">="&J$1,INDIRECT("Table1[Obergruppe ATC-Code]"),Tabelle3!$A38) -> 0 | ... CT38: =COUNTIFS(INDIRECT("Table1[Beginn]"),"<="&CT$1,INDIRECT("Table1[Ende]"),">="&CT$1,INDIRECT("Table1[Obergruppe ATC-Code]"),Tabelle3!$A38) -> 0
A39: D07 | B39: CORTICOSTEROIDE, DERMATOLOGISCHE ZUBEREITUNGEN | C39: =COUNTIFS(INDIRECT("Table1[Beginn]"),"<="&C$1,INDIRECT("Table1[Ende]"),">="&C$1,INDIRECT("Table1[Obergruppe ATC-Code]"),Tabelle3!$A39) -> 0 | D39: =COUNTIFS(INDIRECT("Table1[Beginn]"),"<="&D$1,INDIRECT("Table1[Ende]"),">="&D$1,INDIRECT("Table1[Obergruppe ATC-Code]"),Tabelle3!$A39) -> 0 | E39: =COUNTIFS(INDIRECT("Table1[Beginn]"),"<="&E$1,INDIRECT("Table1[Ende]"),">="&E$1,INDIRECT("Table1[Obergruppe ATC-Code]"),Tabelle3!$A39) -> 0 | F39: =COUNTIFS(INDIRECT("Table1[Beginn]"),"<="&F$1,INDIRECT("Table1[Ende]"),">="&F$1,INDIRECT("Table1[Obergruppe ATC-Code]"),Tabelle3!$A39) -> 2 | G39: =COUNTIFS(INDIRECT("Table1[Beginn]"),"<="&G$1,INDIRECT("Table1[Ende]"),">="&G$1,INDIRECT("Table1[Obergruppe ATC-Code]"),Tabelle3!$A39) -> 2 | H39: =COUNTIFS(INDIRECT("Table1[Beginn]"),"<="&H$1,INDIRECT("Table1[Ende]"),">="&H$1,INDIRECT("Table1[Obergruppe ATC-Code]"),Tabelle3!$A39) -> 2 | I39: =COUNTIFS(INDIRECT("Table1[Beginn]"),"<="&I$1,INDIRECT("Table1[Ende]"),">="&I$1,INDIRECT("Table1[Obergruppe ATC-Code]"),Tabelle3!$A39) -> 2 | J39: =COUNTIFS(INDIRECT("Table1[Beginn]"),"<="&J$1,INDIRECT("Table1[Ende]"),">="&J$1,INDIRECT("Table1[Obergruppe ATC-Code]"),Tabelle3!$A39) -> 2 | ... CT39: =COUNTIFS(INDIRECT("Table1[Beginn]"),"<="&CT$1,INDIRECT("Table1[Ende]"),">="&CT$1,INDIRECT("Table1[Obergruppe ATC-Code]"),Tabelle3!$A39) -> 0
A40: D08 | B40: ANTISEPTIKA UND DESINFEKTIONSMITTEL | C40: =COUNTIFS(INDIRECT("Table1[Beginn]"),"<="&C$1,INDIRECT("Table1[Ende]"),">="&C$1,INDIRECT("Table1[Obergruppe ATC-Code]"),Tabelle3!$A40) -> 0 | D40: =COUNTIFS(INDIRECT("Table1[Beginn]"),"<="&D$1,INDIRECT("Table1[Ende]"),">="&D$1,INDIRECT("Table1[Obergruppe ATC-Code]"),Tabelle3!$A40) -> 0 | E40: =COUNTIFS(INDIRECT("Table1[Beginn]"),"<="&E$1,INDIRECT("Table1[Ende]"),">="&E$1,INDIRECT("Table1[Obergruppe ATC-Code]"),Tabelle3!$A40) -> 0 | F40: =COUNTIFS(INDIRECT("Table1[Beginn]"),"<="&F$1,INDIRECT("Table1[Ende]"),">="&F$1,INDIRECT("Table1[Obergruppe ATC-Code]"),Tabelle3!$A40) -> 0 | G40: =COUNTIFS(INDIRECT("Table1[Beginn]"),"<="&G$1,INDIRECT("Table1[Ende]"),">="&G$1,INDIRECT("Table1[Obergruppe ATC-Code]"),Tabelle3!$A40) -> 0 | H40: =COUNTIFS(INDIRECT("Table1[Beginn]"),"<="&H$1,INDIRECT("Table1[Ende]"),">="&H$1,INDIRECT("Table1[Obergruppe ATC-Code]"),Tabelle3!$A40) -> 0 | I40: =COUNTIFS(INDIRECT("Table1[Beginn]"),"<="&I$1,INDIRECT("Table1[Ende]"),">="&I$1,INDIRECT("Table1[Obergruppe ATC-Code]"),Tabelle3!$A40) -> 0 | J40: =COUNTIFS(INDIRECT("Table1[Beginn]"),"<="&J$1,INDIRECT("Table1[Ende]"),">="&J$1,INDIRECT("Table1[Obergruppe ATC-Code]"),Tabelle3!$A40) -> 0 | ... CT40: =COUNTIFS(INDIRECT("Table1[Beginn]"),"<="&CT$1,INDIRECT("Table1[Ende]"),">="&CT$1,INDIRECT("Table1[Obergruppe ATC-Code]"),Tabelle3!$A40) -> 0
A41: D09 | B41: MEDIZINISCHE VERBÄNDE | C41: =COUNTIFS(INDIRECT("Table1[Beginn]"),"<="&C$1,INDIRECT("Table1[Ende]"),">="&C$1,INDIRECT("Table1[Obergruppe ATC-Code]"),Tabelle3!$A41) -> 0 | D41: =COUNTIFS(INDIRECT("Table1[Beginn]"),"<="&D$1,INDIRECT("Table1[Ende]"),">="&D$1,INDIRECT("Table1[Obergruppe ATC-Code]"),Tabelle3!$A41) -> 0 | E41: =COUNTIFS(INDIRECT("Table1[Beginn]"),"<="&E$1,INDIRECT("Table1[Ende]"),">="&E$1,INDIRECT("Table1[Obergruppe ATC-Code]"),Tabelle3!$A41) -> 0 | F41: =COUNTIFS(INDIRECT("Table1[Beginn]"),"<="&F$1,INDIRECT("Table1[Ende]"),">="&F$1,INDIRECT("Table1[Obergruppe ATC-Code]"),Tabelle3!$A41) -> 0 | G41: =COUNTIFS(INDIRECT("Table1[Beginn]"),"<="&G$1,INDIRECT("Table1[Ende]"),">="&G$1,INDIRECT("Table1[Obergruppe ATC-Code]"),Tabelle3!$A41) -> 0 | H41: =COUNTIFS(INDIRECT("Table1[Beginn]"),"<="&H$1,INDIRECT("Table1[Ende]"),">="&H$1,INDIRECT("Table1[Obergruppe ATC-Code]"),Tabelle3!$A41) -> 0 | I41: =COUNTIFS(INDIRECT("Table1[Beginn]"),"<="&I$1,INDIRECT("Table1[Ende]"),">="&I$1,INDIRECT("Table1[Obergruppe ATC-Code]"),Tabelle3!$A41) -> 0 | J41: =COUNTIFS(INDIRECT("Table1[Beginn]"),"<="&J$1,INDIRECT("Table1[Ende]"),">="&J$1,INDIRECT("Table1[Obergruppe ATC-Code]"),Tabelle3!$A41) -> 0 | ... CT41: =COUNTIFS(INDIRECT("Table1[Beginn]"),"<="&CT$1,INDIRECT("Table1[Ende]"),">="&CT$1,INDIRECT("Table1[Obergruppe ATC-Code]"),Tabelle3!$A41) -> 0
A42: D10 | B42: AKNEMITTEL | C42: =COUNTIFS(INDIRECT("Table1[Beginn]"),"<="&C$1,INDIRECT("Table1[Ende]"),">="&C$1,INDIRECT("Table1[Obergruppe ATC-Code]"),Tabelle3!$A42) -> 0 | D42: =COUNTIFS(INDIRECT("Table1[Beginn]"),"<="&D$1,INDIRECT("Table1[Ende]"),">="&D$1,INDIRECT("Table1[Obergruppe ATC-Code]"),Tabelle3!$A42) -> 0 | E42: =COUNTIFS(INDIRECT("Table1[Beginn]"),"<="&E$1,INDIRECT("Table1[Ende]"),">="&E$1,INDIRECT("Table1[Obergruppe ATC-Code]"),Tabelle3!$A42) -> 0 | F42: =COUNTIFS(INDIRECT("Table1[Beginn]"),"<="&F$1,INDIRECT("Table1[Ende]"),">="&F$1,INDIRECT("Table1[Obergruppe ATC-Code]"),Tabelle3!$A42) -> 0 | G42: =COUNTIFS(INDIRECT("Table1[Beginn]"),"<="&G$1,INDIRECT("Table1[Ende]"),">="&G$1,INDIRECT("Table1[Obergruppe ATC-Code]"),Tabelle3!$A42) -> 0 | H42: =COUNTIFS(INDIRECT("Table1[Beginn]"),"<="&H$1,INDIRECT("Table1[Ende]"),">="&H$1,INDIRECT("Table1[Obergruppe ATC-Code]"),Tabelle3!$A42) -> 0 | I42: =COUNTIFS(INDIRECT("Table1[Beginn]"),"<="&I$1,INDIRECT("Table1[Ende]"),">="&I$1,INDIRECT("Table1[Obergruppe ATC-Code]"),Tabelle3!$A42) -> 0 | J42: =COUNTIFS(INDIRECT("Table1[Beginn]"),"<="&J$1,INDIRECT("Table1[Ende]"),">="&J$1,INDIRECT("Table1[Obergruppe ATC-Code]"),Tabelle3!$A42) -> 0 | ... CT42: =COUNTIFS(INDIRECT("Table1[Beginn]"),"<="&CT$1,INDIRECT("Table1[Ende]"),">="&CT$1,INDIRECT("Table1[Obergruppe ATC-Code]"),Tabelle3!$A42) -> 0
A43: D11 | B43: ANDERE DERMATIKA | C43: =COUNTIFS(INDIRECT("Table1[Beginn]"),"<="&C$1,INDIRECT("Table1[Ende]"),">="&C$1,INDIRECT("Table1[Obergruppe ATC-Code]"),Tabelle3!$A43) -> 0 | D43: =COUNTIFS(INDIRECT("Table1[Beginn]"),"<="&D$1,INDIRECT("Table1[Ende]"),">="&D$1,INDIRECT("Table1[Obergruppe ATC-Code]"),Tabelle3!$A43) -> 0 | E43: =COUNTIFS(INDIRECT("Table1[Beginn]"),"<="&E$1,INDIRECT("Table1[Ende]"),">="&E$1,INDIRECT("Table1[Obergruppe ATC-Code]"),Tabelle3!$A43) -> 0 | F43: =COUNTIFS(INDIRECT("Table1[Beginn]"),"<="&F$1,INDIRECT("Table1[Ende]"),">="&F$1,INDIRECT("Table1[Obergruppe ATC-Code]"),Tabelle3!$A43) -> 0 | G43: =COUNTIFS(INDIRECT("Table1[Beginn]"),"<="&G$1,INDIRECT("Table1[Ende]"),">="&G$1,INDIRECT("Table1[Obergruppe ATC-Code]"),Tabelle3!$A43) -> 0 | H43: =COUNTIFS(INDIRECT("Table1[Beginn]"),"<="&H$1,INDIRECT("Table1[Ende]"),">="&H$1,INDIRECT("Table1[Obergruppe ATC-Code]"),Tabelle3!$A43) -> 0 | I43: =COUNTIFS(INDIRECT("Table1[Beginn]"),"<="&I$1,INDIRECT("Table1[Ende]"),">="&I$1,INDIRECT("Table1[Obergruppe ATC-Code]"),Tabelle3!$A43) -> 0 | J43: =COUNTIFS(INDIRECT("Table1[Beginn]"),"<="&J$1,INDIRECT("Table1[Ende]"),">="&J$1,INDIRECT("Table1[Obergruppe ATC-Code]"),Tabelle3!$A43) -> 0 | ... CT43: =COUNTIFS(INDIRECT("Table1[Beginn]"),"<="&CT$1,INDIRECT("Table1[Ende]"),">="&CT$1,INDIRECT("Table1[Obergruppe ATC-Code]"),Tabelle3!$A43) -> 0
A44: G01 | B44: GYNÄKOLOGISCHE ANTIINFEKTIVA UND ANTISEPTIKA | C44: =COUNTIFS(INDIRECT("Table1[Beginn]"),"<="&C$1,INDIRECT("Table1[Ende]"),">="&C$1,INDIRECT("Table1[Obergruppe ATC-Code]"),Tabelle3!$A44) -> 0 | D44: =COUNTIFS(INDIRECT("Table1[Beginn]"),"<="&D$1,INDIRECT("Table1[Ende]"),">="&D$1,INDIRECT("Table1[Obergruppe ATC-Code]"),Tabelle3!$A44) -> 0 | E44: =COUNTIFS(INDIRECT("Table1[Beginn]"),"<="&E$1,INDIRECT("Table1[Ende]"),">="&E$1,INDIRECT("Table1[Obergruppe ATC-Code]"),Tabelle3!$A44) -> 0 | F44: =COUNTIFS(INDIRECT("Table1[Beginn]"),"<="&F$1,INDIRECT("Table1[Ende]"),">="&F$1,INDIRECT("Table1[Obergruppe ATC-Code]"),Tabelle3!$A44) -> 0 | G44: =COUNTIFS(INDIRECT("Table1[Beginn]"),"<="&G$1,INDIRECT("Table1[Ende]"),">="&G$1,INDIRECT("Table1[Obergruppe ATC-Code]"),Tabelle3!$A44) -> 0 | H44: =COUNTIFS(INDIRECT("Table1[Beginn]"),"<="&H$1,INDIRECT("Table1[Ende]"),">="&H$1,INDIRECT("Table1[Obergruppe ATC-Code]"),Tabelle3!$A44) -> 0 | I44: =COUNTIFS(INDIRECT("Table1[Beginn]"),"<="&I$1,INDIRECT("Table1[Ende]"),">="&I$1,INDIRECT("Table1[Obergruppe ATC-Code]"),Tabelle3!$A44) -> 0 | J44: =COUNTIFS(INDIRECT("Table1[Beginn]"),"<="&J$1,INDIRECT("Table1[Ende]"),">="&J$1,INDIRECT("Table1[Obergruppe ATC-Code]"),Tabelle3!$A44) -> 0 | ... CT44: =COUNTIFS(INDIRECT("Table1[Beginn]"),"<="&CT$1,INDIRECT("Table1[Ende]"),">="&CT$1,INDIRECT("Table1[Obergruppe ATC-Code]"),Tabelle3!$A44) -> 0
A45: G02 | B45: ANDERE GYNÄKOLOGIKA | C45: =COUNTIFS(INDIRECT("Table1[Beginn]"),"<="&C$1,INDIRECT("Table1[Ende]"),">="&C$1,INDIRECT("Table1[Obergruppe ATC-Code]"),Tabelle3!$A45) -> 0 | D45: =COUNTIFS(INDIRECT("Table1[Beginn]"),"<="&D$1,INDIRECT("Table1[Ende]"),">="&D$1,INDIRECT("Table1[Obergruppe ATC-Code]"),Tabelle3!$A45) -> 0 | E45: =COUNTIFS(INDIRECT("Table1[Beginn]"),"<="&E$1,INDIRECT("Table1[Ende]"),">="&E$1,INDIRECT("Table1[Obergruppe ATC-Code]"),Tabelle3!$A45) -> 0 | F45: =COUNTIFS(INDIRECT("Table1[Beginn]"),"<="&F$1,INDIRECT("Table1[Ende]"),">="&F$1,INDIRECT("Table1[Obergruppe ATC-Code]"),Tabelle3!$A45) -> 0 | G45: =COUNTIFS(INDIRECT("Table1[Beginn]"),"<="&G$1,INDIRECT("Table1[Ende]"),">="&G$1,INDIRECT("Table1[Obergruppe ATC-Code]"),Tabelle3!$A45) -> 0 | H45: =COUNTIFS(INDIRECT("Table1[Beginn]"),"<="&H$1,INDIRECT("Table1[Ende]"),">="&H$1,INDIRECT("Table1[Obergruppe ATC-Code]"),Tabelle3!$A45) -> 0 | I45: =COUNTIFS(INDIRECT("Table1[Beginn]"),"<="&I$1,INDIRECT("Table1[Ende]"),">="&I$1,INDIRECT("Table1[Obergruppe ATC-Code]"),Tabelle3!$A45) -> 0 | J45: =COUNTIFS(INDIRECT("Table1[Beginn]"),"<="&J$1,INDIRECT("Table1[Ende]"),">="&J$1,INDIRECT("Table1[Obergruppe ATC-Code]"),Tabelle3!$A45) -> 0 | ... CT45: =COUNTIFS(INDIRECT("Table1[Beginn]"),"<="&CT$1,INDIRECT("Table1[Ende]"),">="&CT$1,INDIRECT("Table1[Obergruppe ATC-Code]"),Tabelle3!$A45) -> 0
A46: G03 | B46: SEXUALHORMONE UND MODULATOREN DES GENITALSYSTEMS | C46: =COUNTIFS(INDIRECT("Table1[Beginn]"),"<="&C$1,INDIRECT("Table1[Ende]"),">="&C$1,INDIRECT("Table1[Obergruppe ATC-Code]"),Tabelle3!$A46) -> 0 | D46: =COUNTIFS(INDIRECT("Table1[Beginn]"),"<="&D$1,INDIRECT("Table1[Ende]"),">="&D$1,INDIRECT("Table1[Obergruppe ATC-Code]"),Tabelle3!$A46) -> 0 | E46: =COUNTIFS(INDIRECT("Table1[Beginn]"),"<="&E$1,INDIRECT("Table1[Ende]"),">="&E$1,INDIRECT("Table1[Obergruppe ATC-Code]"),Tabelle3!$A46) -> 0 | F46: =COUNTIFS(INDIRECT("Table1[Beginn]"),"<="&F$1,INDIRECT("Table1[Ende]"),">="&F$1,INDIRECT("Table1[Obergruppe ATC-Code]"),Tabelle3!$A46) -> 0 | G46: =COUNTIFS(INDIRECT("Table1[Beginn]"),"<="&G$1,INDIRECT("Table1[Ende]"),">="&G$1,INDIRECT("Table1[Obergruppe ATC-Code]"),Tabelle3!$A46) -> 0 | H46: =COUNTIFS(INDIRECT("Table1[Beginn]"),"<="&H$1,INDIRECT("Table1[Ende]"),">="&H$1,INDIRECT("Table1[Obergruppe ATC-Code]"),Tabelle3!$A46) -> 0 | I46: =COUNTIFS(INDIRECT("Table1[Beginn]"),"<="&I$1,INDIRECT("Table1[Ende]"),">="&I$1,INDIRECT("Table1[Obergruppe ATC-Code]"),Tabelle3!$A46) -> 0 | J46: =COUNTIFS(INDIRECT("Table1[Beginn]"),"<="&J$1,INDIRECT("Table1[Ende]"),">="&J$1,INDIRECT("Table1[Obergruppe ATC-Code]"),Tabelle3!$A46) -> 1 | ... CT46: =COUNTIFS(INDIRECT("Table1[Beginn]"),"<="&CT$1,INDIRECT("Table1[Ende]"),">="&CT$1,INDIRECT("Table1[Obergruppe ATC-Code]"),Tabelle3!$A46) -> 0
A47: G04 | B47: UROLOGIKA | C47: =COUNTIFS(INDIRECT("Table1[Beginn]"),"<="&C$1,INDIRECT("Table1[Ende]"),">="&C$1,INDIRECT("Table1[Obergruppe ATC-Code]"),Tabelle3!$A47) -> 0 | D47: =COUNTIFS(INDIRECT("Table1[Beginn]"),"<="&D$1,INDIRECT("Table1[Ende]"),">="&D$1,INDIRECT("Table1[Obergruppe ATC-Code]"),Tabelle3!$A47) -> 0 | E47: =COUNTIFS(INDIRECT("Table1[Beginn]"),"<="&E$1,INDIRECT("Table1[Ende]"),">="&E$1,INDIRECT("Table1[Obergruppe ATC-Code]"),Tabelle3!$A47) -> 0 | F47: =COUNTIFS(INDIRECT("Table1[Beginn]"),"<="&F$1,INDIRECT("Table1[Ende]"),">="&F$1,INDIRECT("Table1[Obergruppe ATC-Code]"),Tabelle3!$A47) -> 0 | G47: =COUNTIFS(INDIRECT("Table1[Beginn]"),"<="&G$1,INDIRECT("Table1[Ende]"),">="&G$1,INDIRECT("Table1[Obergruppe ATC-Code]"),Tabelle3!$A47) -> 1 | H47: =COUNTIFS(INDIRECT("Table1[Beginn]"),"<="&H$1,INDIRECT("Table1[Ende]"),">="&H$1,INDIRECT("Table1[Obergruppe ATC-Code]"),Tabelle3!$A47) -> 1 | I47: =COUNTIFS(INDIRECT("Table1[Beginn]"),"<="&I$1,INDIRECT("Table1[Ende]"),">="&I$1,INDIRECT("Table1[Obergruppe ATC-Code]"),Tabelle3!$A47) -> 1 | J47: =COUNTIFS(INDIRECT("Table1[Beginn]"),"<="&J$1,INDIRECT("Table1[Ende]"),">="&J$1,INDIRECT("Table1[Obergruppe ATC-Code]"),Tabelle3!$A47) -> 1 | ... CT47: =COUNTIFS(INDIRECT("Table1[Beginn]"),"<="&CT$1,INDIRECT("Table1[Ende]"),">="&CT$1,INDIRECT("Table1[Obergruppe ATC-Code]"),Tabelle3!$A47) -> 0
A48: H01 | B48: HYPOPHYSEN- UND HYPOTHALAMUSHORMONE UND ANALOGA | C48: =COUNTIFS(INDIRECT("Table1[Beginn]"),"<="&C$1,INDIRECT("Table1[Ende]"),">="&C$1,INDIRECT("Table1[Obergruppe ATC-Code]"),Tabelle3!$A48) -> 0 | D48: =COUNTIFS(INDIRECT("Table1[Beginn]"),"<="&D$1,INDIRECT("Table1[Ende]"),">="&D$1,INDIRECT("Table1[Obergruppe ATC-Code]"),Tabelle3!$A48) -> 0 | E48: =COUNTIFS(INDIRECT("Table1[Beginn]"),"<="&E$1,INDIRECT("Table1[Ende]"),">="&E$1,INDIRECT("Table1[Obergruppe ATC-Code]"),Tabelle3!$A48) -> 0 | F48: =COUNTIFS(INDIRECT("Table1[Beginn]"),"<="&F$1,INDIRECT("Table1[Ende]"),">="&F$1,INDIRECT("Table1[Obergruppe ATC-Code]"),Tabelle3!$A48) -> 0 | G48: =COUNTIFS(INDIRECT("Table1[Beginn]"),"<="&G$1,INDIRECT("Table1[Ende]"),">="&G$1,INDIRECT("Table1[Obergruppe ATC-Code]"),Tabelle3!$A48) -> 0 | H48: =COUNTIFS(INDIRECT("Table1[Beginn]"),"<="&H$1,INDIRECT("Table1[Ende]"),">="&H$1,INDIRECT("Table1[Obergruppe ATC-Code]"),Tabelle3!$A48) -> 0 | I48: =COUNTIFS(INDIRECT("Table1[Beginn]"),"<="&I$1,INDIRECT("Table1[Ende]"),">="&I$1,INDIRECT("Table1[Obergruppe ATC-Code]"),Tabelle3!$A48) -> 0 | J48: =COUNTIFS(INDIRECT("Table1[Beginn]"),"<="&J$1,INDIRECT("Table1[Ende]"),">="&J$1,INDIRECT("Table1[Obergruppe ATC-Code]"),Tabelle3!$A48) -> 0 | ... CT48: =COUNTIFS(INDIRECT("Table1[Beginn]"),"<="&CT$1,INDIRECT("Table1[Ende]"),">="&CT$1,INDIRECT("Table1[Obergruppe ATC-Code]"),Tabelle3!$A48) -> 0
... A100: V90 | B100: SONDERGRUPPEN | C100: =COUNTIFS(INDIRECT("Table1[Beginn]"),"<="&C$1,INDIRECT("Table1[Ende]"),">="&C$1,INDIRECT("Table1[Obergruppe ATC-Code]"),Tabelle3!$A100) -> 0 | D100: =COUNTIFS(INDIRECT("Table1[Beginn]"),"<="&D$1,INDIRECT("Table1[Ende]"),">="&D$1,INDIRECT("Table1[Obergruppe ATC-Code]"),Tabelle3!$A100) -> 0 | E100: =COUNTIFS(INDIRECT("Table1[Beginn]"),"<="&E$1,INDIRECT("Table1[Ende]"),">="&E$1,INDIRECT("Table1[Obergruppe ATC-Code]"),Tabelle3!$A100) -> 0 | F100: =COUNTIFS(INDIRECT("Table1[Beginn]"),"<="&F$1,INDIRECT("Table1[Ende]"),">="&F$1,INDIRECT("Table1[Obergruppe ATC-Code]"),Tabelle3!$A100) -> 0 | G100: =COUNTIFS(INDIRECT("Table1[Beginn]"),"<="&G$1,INDIRECT("Table1[Ende]"),">="&G$1,INDIRECT("Table1[Obergruppe ATC-Code]"),Tabelle3!$A100) -> 0 | H100: =COUNTIFS(INDIRECT("Table1[Beginn]"),"<="&H$1,INDIRECT("Table1[Ende]"),">="&H$1,INDIRECT("Table1[Obergruppe ATC-Code]"),Tabelle3!$A100) -> 0 | I100: =COUNTIFS(INDIRECT("Table1[Beginn]"),"<="&I$1,INDIRECT("Table1[Ende]"),">="&I$1,INDIRECT("Table1[Obergruppe ATC-Code]"),Tabelle3!$A100) -> 0 | J100: =COUNTIFS(INDIRECT("Table1[Beginn]"),"<="&J$1,INDIRECT("Table1[Ende]"),">="&J$1,INDIRECT("Table1[Obergruppe ATC-Code]"),Tabelle3!$A100) -> 0 | ... CT100: =COUNTIFS(INDIRECT("Table1[Beginn]"),"<="&CT$1,INDIRECT("Table1[Ende]"),">="&CT$1,INDIRECT("Table1[Obergruppe ATC-Code]"),Tabelle3!$A100) -> 0
A101: alle | B101: addiert | C101: =SUM(Tabelle2[2017-01-01]) -> 20 | D101: =SUM(Tabelle2[2017-02-01]) -> 23 | E101: =SUM(Tabelle2[2017-03-01]) -> 26 | F101: =SUM(Tabelle2[2017-04-01]) -> 34 | G101: =SUM(Tabelle2[2017-05-01]) -> 38 | H101: =SUM(Tabelle2[2017-06-01]) -> 38 | I101: =SUM(Tabelle2[2017-07-01]) -> 46 | J101: =SUM(Tabelle2[2017-02-01]) -> 23 | K101: =SUM(Tabelle2[2017-03-01]) -> 26 | L101: =SUM(Tabelle2[2017-04-01]) -> 34 | M101: =SUM(Tabelle2[2017-05-01]) -> 38 | N101: =SUM(Tabelle2[2017-06-01]) -> 38 | O101: =SUM(Tabelle2[2017-07-01]) -> 46 | P101: =SUM(Tabelle2[2017-08-01]) -> 51 | Q101: =SUM(Tabelle2[2017-02-01]) -> 23 | R101: =SUM(Tabelle2[2017-03-01]) -> 26 | S101: =SUM(Tabelle2[2017-04-01]) -> 34 | T101: =SUM(Tabelle2[2017-05-01]) -> 38 | U101: =SUM(Tabelle2[2017-06-01]) -> 38 | V101: =SUM(Tabelle2[2017-07-01]) -> 46 | W101: =SUM(Tabelle2[2017-08-01]) -> 51 | X101: =SUM(Tabelle2[2017-03-01]) -> 26 | Y101: =SUM(Tabelle2[2017-04-01]) -> 34 | Z101: =SUM(Tabelle2[2017-05-01]) -> 38 | AA101: =SUM(Tabelle2[2017-06-01]) -> 38 | AB101: =SUM(Tabelle2[2017-07-01]) -> 46 | AC101: =SUM(Tabelle2[2017-08-01]) -> 51 | AD101: =SUM(Tabelle2[2017-09-01]) -> 49 | AE101: =SUM(Tabelle2[2017-03-01]) -> 26 | AF101: =SUM(Tabelle2[2017-04-01]) -> 34 | AG101: =SUM(Tabelle2[2017-05-01]) -> 38 | AH101: =SUM(Tabelle2[2017-06-01]) -> 38 | AI101: =SUM(Tabelle2[2017-07-01]) -> 46 | AJ101: =SUM(Tabelle2[2017-08-01]) -> 51 | AK101: =SUM(Tabelle2[2017-09-01]) -> 49 | AL101: =SUM(Tabelle2[2017-04-01]) -> 34 | AM101: =SUM(Tabelle2[2017-05-01]) -> 38 | AN101: =SUM(Tabelle2[2017-06-01]) -> 38 | AO101: =SUM(Tabelle2[2017-07-01]) -> 46 | AP101: =SUM(Tabelle2[2017-08-01]) -> 51 | AQ101: =SUM(Tabelle2[2017-09-01]) -> 49 | AR101: =SUM(Tabelle2[2017-10-01]) -> 45 | AS101: =SUM(Tabelle2[2017-04-01]) -> 34 | AT101: =SUM(Tabelle2[2017-05-01]) -> 38 | AU101: =SUM(Tabelle2[2017-06-01]) -> 38 | AV101: =SUM(Tabelle2[2017-07-01]) -> 46 | AW101: =SUM(Tabelle2[2017-08-01]) -> 51 | AX101: =SUM(Tabelle2[2017-09-01]) -> 49 | AY101: =SUM(Tabelle2[2017-10-01]) -> 45 | AZ101: =SUM(Tabelle2[2017-05-01]) -> 38 | BA101: =SUM(Tabelle2[2017-06-01]) -> 38 | BB101: =SUM(Tabelle2[2017-07-01]) -> 46 | BC101: =SUM(Tabelle2[2017-08-01]) -> 51 | BD101: =SUM(Tabelle2[2017-09-01]) -> 49 | BE101: =SUM(Tabelle2[2017-10-01]) -> 45 | BF101: =SUM(Tabelle2[2017-11-01]) -> 46 | BG101: =SUM(Tabelle2[2017-05-01]) -> 38 | BH101: =SUM(Tabelle2[2017-06-01]) -> 38 | BI101: =SUM(Tabelle2[2017-07-01]) -> 46 | BJ101: =SUM(Tabelle2[2017-08-01]) -> 51 | BK101: =SUM(Tabelle2[2017-09-01]) -> 49 | BL101: =SUM(Tabelle2[2017-10-01]) -> 45 | BM101: =SUM(Tabelle2[2017-11-01]) -> 46 | BN101: =SUM(Tabelle2[2017-06-01]) -> 38 | BO101: =SUM(Tabelle2[2017-07-01]) -> 46 | BP101: =SUM(Tabelle2[2017-08-01]) -> 51 | BQ101: =SUM(Tabelle2[2017-09-01]) -> 49 | BR101: =SUM(Tabelle2[2017-10-01]) -> 45 | BS101: =SUM(Tabelle2[2017-11-01]) -> 46 | BT101: =SUM(Tabelle2[2017-12-01]) -> 52 | BU101: =SUM(Tabelle2[2017-06-01]) -> 38 | BV101: =SUM(Tabelle2[2017-07-01]) -> 46 | BW101: =SUM(Tabelle2[2017-08-01]) -> 51 | BX101: =SUM(Tabelle2[2017-09-01]) -> 49 | BY101: =SUM(Tabelle2[2017-10-01]) -> 45 | BZ101: =SUM(Tabelle2[2017-11-01]) -> 46 | CA101: =SUM(Tabelle2[2017-12-01]) -> 52 | CB101: =SUM(Tabelle2[2017-07-01]) -> 46 | CC101: =SUM(Tabelle2[2017-08-01]) -> 51 | CD101: =SUM(Tabelle2[2017-09-01]) -> 49 | CE101: =SUM(Tabelle2[2017-10-01]) -> 45 | CF101: =SUM(Tabelle2[2017-11-01]) -> 46 | CG101: =SUM(Tabelle2[2017-12-01]) -> 52 | CH101: =SUM(Tabelle2[2018-01-01]) -> 61 | CI101: =SUM(Tabelle2[2017-07-01]) -> 46 | CJ101: =SUM(Tabelle2[2017-08-01]) -> 51 | CK101: =SUM(Tabelle2[2017-09-01]) -> 49 | CL101: =SUM(Tabelle2[2017-10-01]) -> 45 | CM101: =SUM(Tabelle2[2017-11-01]) -> 46 | CN101: =SUM(Tabelle2[2017-12-01]) -> 52 | CO101: =SUM(Tabelle2[2018-01-01]) -> 61 | CP101: =SUM(Tabelle2[2017-08-01]) -> 51 | CQ101: =SUM(Tabelle2[2017-09-01]) -> 49 | CR101: =SUM(Tabelle2[2017-10-01]) -> 45 | CS101: =SUM(Tabelle2[2017-11-01]) -> 46 | CT101: =SUM(Tabelle2[2017-12-01]) -> 52

Sheet Time Span Histogram

Sheet Tabelle5
A1: Spalte2 | B1: Spalte1 | C1: 2017-01-01 | D1: 2017-02-01 | E1: 2017-03-01 | F1: 2017-04-01 | G1: 2017-05-01 | H1: 2017-06-01 | I1: 2017-07-01 | J1: 2017-08-01 | K1: 2017-09-01 | L1: 2017-10-01 | M1: 2017-11-01 | N1: 2017-12-01 | O1: 2018-01-01 | P1: 2018-02-01 | Q1: 2018-03-01 | R1: 2018-04-01 | S1: 2018-05-01 | T1: 2018-06-01 | U1: 2018-07-01 | V1: 2018-08-01 | W1: 2018-09-01 | X1: 2018-10-01 | Y1: 2018-11-01 | Z1: 2018-12-01 | AA1: 2019-01-01 | AB1: 2019-02-01 | AC1: 2019-03-01 | AD1: 2019-04-01 | AE1: 2019-05-01 | AF1: 2019-06-01 | AG1: 2019-07-01 | AH1: 2019-08-01 | AI1: 2019-09-01 | AJ1: 2019-10-01 | AK1: 2019-11-01 | AL1: 2019-12-01 | AM1: 2020-03-01 | AN1: 2020-04-01 | AO1: 2020-05-01 | AP1: 2020-06-01 | AQ1: 2020-07-01 | AR1: 2020-08-01 | AS1: 2020-09-01 | AT1: 2020-10-01 | AU1: 2020-11-01 | AV1: 2020-12-01 | AW1: 2021-01-01 | AX1: 2021-02-01 | AY1: 2021-03-01 | AZ1: 2021-04-01 | BA1: 2021-05-01 | BB1: 2021-06-01 | BC1: 2021-07-01 | BD1: 2021-08-01 | BE1: 2021-09-01 | BF1: 2021-10-01 | BG1: 2021-11-01 | BH1: 2021-12-01 | BI1: 2022-01-01 | BJ1: 2022-02-01 | BK1: 2022-03-01 | BL1: 2022-04-01 | BM1: 2022-05-01 | BN1: 2022-06-01 | BO1: 2022-07-01 | BP1: 2022-08-01 | BQ1: 2022-09-01 | BR1: 2022-10-01 | BS1: 2022-11-01 | BT1: 2022-12-01 | BU1: 2023-01-01 | BV1: 2023-02-01 | BW1: 2023-03-01 | BX1: 2023-04-01 | BY1: 2023-05-01 | BZ1: 2023-06-01 | CA1: 2023-07-01 | CB1: 2023-08-01 | CC1: 2023-09-01 | CD1: 2023-10-01 | CE1: 2023-11-01 | CF1: 2023-12-01 | CG1: 2024-01-01 | CH1: 2024-02-01 | CI1: 2024-03-01 | CJ1: 2024-04-01 | CK1: 2024-05-01 | CL1: 2024-06-01 | CM1: 2024-07-01 | CN1: 2024-08-01 | CO1: 2024-09-01 | CP1: 2024-10-01 | CQ1: 2024-11-01 | CR1: 2024-12-01
A2: A01 | B2: STOMATOLOGIKA | C2: =COUNTIFS(INDIRECT("Table1[Beginn]"),"<="&C$1,INDIRECT("Table1[Ende]"),">="&C$1,INDIRECT("Table1[Obergruppe ATC-Code]"),Tabelle3!$A2) -> 0 | D2: =COUNTIFS(INDIRECT("Table1[Beginn]"),"<="&D$1,INDIRECT("Table1[Ende]"),">="&D$1,INDIRECT("Table1[Obergruppe ATC-Code]"),Tabelle3!$A2) -> 0 | E2: =COUNTIFS(INDIRECT("Table1[Beginn]"),"<="&E$1,INDIRECT("Table1[Ende]"),">="&E$1,INDIRECT("Table1[Obergruppe ATC-Code]"),Tabelle3!$A2) -> 0 | F2: =COUNTIFS(INDIRECT("Table1[Beginn]"),"<="&F$1,INDIRECT("Table1[Ende]"),">="&F$1,INDIRECT("Table1[Obergruppe ATC-Code]"),Tabelle3!$A2) -> 0 | G2: =COUNTIFS(INDIRECT("Table1[Beginn]"),"<="&G$1,INDIRECT("Table1[Ende]"),">="&G$1,INDIRECT("Table1[Obergruppe ATC-Code]"),Tabelle3!$A2) -> 0 | H2: =COUNTIFS(INDIRECT("Table1[Beginn]"),"<="&H$1,INDIRECT("Table1[Ende]"),">="&H$1,INDIRECT("Table1[Obergruppe ATC-Code]"),Tabelle3!$A2) -> 1 | I2: =COUNTIFS(INDIRECT("Table1[Beginn]"),"<="&I$1,INDIRECT("Table1[Ende]"),">="&I$1,INDIRECT("Table1[Obergruppe ATC-Code]"),Tabelle3!$A2) -> 1 | J2: =COUNTIFS(INDIRECT("Table1[Beginn]"),"<="&J$1,INDIRECT("Table1[Ende]"),">="&J$1,INDIRECT("Table1[Obergruppe ATC-Code]"),Tabelle3!$A2) -> 0 | ... CR2: =COUNTIFS(INDIRECT("Table1[Beginn]"),"<="&CR$1,INDIRECT("Table1[Ende]"),">="&CR$1,INDIRECT("Table1[Obergruppe ATC-Code]"),Tabelle3!$A2) -> 0
A3: A02 | B3: MITTEL BEI SÄURE BEDINGTEN ERKRANKUNGEN | C3: =COUNTIFS(INDIRECT("Table1[Beginn]"),"<="&C$1,INDIRECT("Table1[Ende]"),">="&C$1,INDIRECT("Table1[Obergruppe ATC-Code]"),Tabelle3!$A3) -> 0 | D3: =COUNTIFS(INDIRECT("Table1[Beginn]"),"<="&D$1,INDIRECT("Table1[Ende]"),">="&D$1,INDIRECT("Table1[Obergruppe ATC-Code]"),Tabelle3!$A3) -> 0 | E3: =COUNTIFS(INDIRECT("Table1[Beginn]"),"<="&E$1,INDIRECT("Table1[Ende]"),">="&E$1,INDIRECT("Table1[Obergruppe ATC-Code]"),Tabelle3!$A3) -> 0 | F3: =COUNTIFS(INDIRECT("Table1[Beginn]"),"<="&F$1,INDIRECT("Table1[Ende]"),">="&F$1,INDIRECT("Table1[Obergruppe ATC-Code]"),Tabelle3!$A3) -> 0 | G3: =COUNTIFS(INDIRECT("Table1[Beginn]"),"<="&G$1,INDIRECT("Table1[Ende]"),">="&G$1,INDIRECT("Table1[Obergruppe ATC-Code]"),Tabelle3!$A3) -> 0 | H3: =COUNTIFS(INDIRECT("Table1[Beginn]"),"<="&H$1,INDIRECT("Table1[Ende]"),">="&H$1,INDIRECT("Table1[Obergruppe ATC-Code]"),Tabelle3!$A3) -> 0 | I3: =COUNTIFS(INDIRECT("Table1[Beginn]"),"<="&I$1,INDIRECT("Table1[Ende]"),">="&I$1,INDIRECT("Table1[Obergruppe ATC-Code]"),Tabelle3!$A3) -> 0 | J3: =COUNTIFS(INDIRECT("Table1[Beginn]"),"<="&J$1,INDIRECT("Table1[Ende]"),">="&J$1,INDIRECT("Table1[Obergruppe ATC-Code]"),Tabelle3!$A3) -> 0 | ... CR3: =COUNTIFS(INDIRECT("Table1[Beginn]"),"<="&CR$1,INDIRECT("Table1[Ende]"),">="&CR$1,INDIRECT("Table1[Obergruppe ATC-Code]"),Tabelle3!$A3) -> 0
A4: A03 | B4: MITTEL BEI FUNKTIONELLEN GASTROINTESTINALEN STÖRUNGEN | C4: =COUNTIFS(INDIRECT("Table1[Beginn]"),"<="&C$1,INDIRECT("Table1[Ende]"),">="&C$1,INDIRECT("Table1[Obergruppe ATC-Code]"),Tabelle3!$A4) -> 0 | D4: =COUNTIFS(INDIRECT("Table1[Beginn]"),"<="&D$1,INDIRECT("Table1[Ende]"),">="&D$1,INDIRECT("Table1[Obergruppe ATC-Code]"),Tabelle3!$A4) -> 0 | E4: =COUNTIFS(INDIRECT("Table1[Beginn]"),"<="&E$1,INDIRECT("Table1[Ende]"),">="&E$1,INDIRECT("Table1[Obergruppe ATC-Code]"),Tabelle3!$A4) -> 0 | F4: =COUNTIFS(INDIRECT("Table1[Beginn]"),"<="&F$1,INDIRECT("Table1[Ende]"),">="&F$1,INDIRECT("Table1[Obergruppe ATC-Code]"),Tabelle3!$A4) -> 0 | G4: =COUNTIFS(INDIRECT("Table1[Beginn]"),"<="&G$1,INDIRECT("Table1[Ende]"),">="&G$1,INDIRECT("Table1[Obergruppe ATC-Code]"),Tabelle3!$A4) -> 0 | H4: =COUNTIFS(INDIRECT("Table1[Beginn]"),"<="&H$1,INDIRECT("Table1[Ende]"),">="&H$1,INDIRECT("Table1[Obergruppe ATC-Code]"),Tabelle3!$A4) -> 0 | I4: =COUNTIFS(INDIRECT("Table1[Beginn]"),"<="&I$1,INDIRECT("Table1[Ende]"),">="&I$1,INDIRECT("Table1[Obergruppe ATC-Code]"),Tabelle3!$A4) -> 0 | J4: =COUNTIFS(INDIRECT("Table1[Beginn]"),"<="&J$1,INDIRECT("Table1[Ende]"),">="&J$1,INDIRECT("Table1[Obergruppe ATC-Code]"),Tabelle3!$A4) -> 0 | ... CR4: =COUNTIFS(INDIRECT("Table1[Beginn]"),"<="&CR$1,INDIRECT("Table1[Ende]"),">="&CR$1,INDIRECT("Table1[Obergruppe ATC-Code]"),Tabelle3!$A4) -> 0
A5: A04 | B5: ANTIEMETIKA UND MITTEL GEGEN ÜBELKEIT | C5: =COUNTIFS(INDIRECT("Table1[Beginn]"),"<="&C$1,INDIRECT("Table1[Ende]"),">="&C$1,INDIRECT("Table1[Obergruppe ATC-Code]"),Tabelle3!$A5) -> 0 | D5: =COUNTIFS(INDIRECT("Table1[Beginn]"),"<="&D$1,INDIRECT("Table1[Ende]"),">="&D$1,INDIRECT("Table1[Obergruppe ATC-Code]"),Tabelle3!$A5) -> 0 | E5: =COUNTIFS(INDIRECT("Table1[Beginn]"),"<="&E$1,INDIRECT("Table1[Ende]"),">="&E$1,INDIRECT("Table1[Obergruppe ATC-Code]"),Tabelle3!$A5) -> 0 | F5: =COUNTIFS(INDIRECT("Table1[Beginn]"),"<="&F$1,INDIRECT("Table1[Ende]"),">="&F$1,INDIRECT("Table1[Obergruppe ATC-Code]"),Tabelle3!$A5) -> 0 | G5: =COUNTIFS(INDIRECT("Table1[Beginn]"),"<="&G$1,INDIRECT("Table1[Ende]"),">="&G$1,INDIRECT("Table1[Obergruppe ATC-Code]"),Tabelle3!$A5) -> 0 | H5: =COUNTIFS(INDIRECT("Table1[Beginn]"),"<="&H$1,INDIRECT("Table1[Ende]"),">="&H$1,INDIRECT("Table1[Obergruppe ATC-Code]"),Tabelle3!$A5) -> 0 | I5: =COUNTIFS(INDIRECT("Table1[Beginn]"),"<="&I$1,INDIRECT("Table1[Ende]"),">="&I$1,INDIRECT("Table1[Obergruppe ATC-Code]"),Tabelle3!$A5) -> 1 | J5: =COUNTIFS(INDIRECT("Table1[Beginn]"),"<="&J$1,INDIRECT("Table1[Ende]"),">="&J$1,INDIRECT("Table1[Obergruppe ATC-Code]"),Tabelle3!$A5) -> 1 | ... CR5: =COUNTIFS(INDIRECT("Table1[Beginn]"),"<="&CR$1,INDIRECT("Table1[Ende]"),">="&CR$1,INDIRECT("Table1[Obergruppe ATC-Code]"),Tabelle3!$A5) -> 0
A6: A05 | B6: GALLEN- UND LEBERTHERAPIE | C6: =COUNTIFS(INDIRECT("Table1[Beginn]"),"<="&C$1,INDIRECT("Table1[Ende]"),">="&C$1,INDIRECT("Table1[Obergruppe ATC-Code]"),Tabelle3!$A6) -> 0 | D6: =COUNTIFS(INDIRECT("Table1[Beginn]"),"<="&D$1,INDIRECT("Table1[Ende]"),">="&D$1,INDIRECT("Table1[Obergruppe ATC-Code]"),Tabelle3!$A6) -> 0 | E6: =COUNTIFS(INDIRECT("Table1[Beginn]"),"<="&E$1,INDIRECT("Table1[Ende]"),">="&E$1,INDIRECT("Table1[Obergruppe ATC-Code]"),Tabelle3!$A6) -> 0 | F6: =COUNTIFS(INDIRECT("Table1[Beginn]"),"<="&F$1,INDIRECT("Table1[Ende]"),">="&F$1,INDIRECT("Table1[Obergruppe ATC-Code]"),Tabelle3!$A6) -> 0 | G6: =COUNTIFS(INDIRECT("Table1[Beginn]"),"<="&G$1,INDIRECT("Table1[Ende]"),">="&G$1,INDIRECT("Table1[Obergruppe ATC-Code]"),Tabelle3!$A6) -> 0 | H6: =COUNTIFS(INDIRECT("Table1[Beginn]"),"<="&H$1,INDIRECT("Table1[Ende]"),">="&H$1,INDIRECT("Table1[Obergruppe ATC-Code]"),Tabelle3!$A6) -> 0 | I6: =COUNTIFS(INDIRECT("Table1[Beginn]"),"<="&I$1,INDIRECT("Table1[Ende]"),">="&I$1,INDIRECT("Table1[Obergruppe ATC-Code]"),Tabelle3!$A6) -> 0 | J6: =COUNTIFS(INDIRECT("Table1[Beginn]"),"<="&J$1,INDIRECT("Table1[Ende]"),">="&J$1,INDIRECT("Table1[Obergruppe ATC-Code]"),Tabelle3!$A6) -> 0 | ... CR6: =COUNTIFS(INDIRECT("Table1[Beginn]"),"<="&CR$1,INDIRECT("Table1[Ende]"),">="&CR$1,INDIRECT("Table1[Obergruppe ATC-Code]"),Tabelle3!$A6) -> 0
A7: A06 | B7: MITTEL GEGEN OBSTIPATION | C7: =COUNTIFS(INDIRECT("Table1[Beginn]"),"<="&C$1,INDIRECT("Table1[Ende]"),">="&C$1,INDIRECT("Table1[Obergruppe ATC-Code]"),Tabelle3!$A7) -> 0 | D7: =COUNTIFS(INDIRECT("Table1[Beginn]"),"<="&D$1,INDIRECT("Table1[Ende]"),">="&D$1,INDIRECT("Table1[Obergruppe ATC-Code]"),Tabelle3!$A7) -> 0 | E7: =COUNTIFS(INDIRECT("Table1[Beginn]"),"<="&E$1,INDIRECT("Table1[Ende]"),">="&E$1,INDIRECT("Table1[Obergruppe ATC-Code]"),Tabelle3!$A7) -> 0 | F7: =COUNTIFS(INDIRECT("Table1[Beginn]"),"<="&F$1,INDIRECT("Table1[Ende]"),">="&F$1,INDIRECT("Table1[Obergruppe ATC-Code]"),Tabelle3!$A7) -> 0 | G7: =COUNTIFS(INDIRECT("Table1[Beginn]"),"<="&G$1,INDIRECT("Table1[Ende]"),">="&G$1,INDIRECT("Table1[Obergruppe ATC-Code]"),Tabelle3!$A7) -> 0 | H7: =COUNTIFS(INDIRECT("Table1[Beginn]"),"<="&H$1,INDIRECT("Table1[Ende]"),">="&H$1,INDIRECT("Table1[Obergruppe ATC-Code]"),Tabelle3!$A7) -> 0 | I7: =COUNTIFS(INDIRECT("Table1[Beginn]"),"<="&I$1,INDIRECT("Table1[Ende]"),">="&I$1,INDIRECT("Table1[Obergruppe ATC-Code]"),Tabelle3!$A7) -> 0 | J7: =COUNTIFS(INDIRECT("Table1[Beginn]"),"<="&J$1,INDIRECT("Table1[Ende]"),">="&J$1,INDIRECT("Table1[Obergruppe ATC-Code]"),Tabelle3!$A7) -> 0 | ... CR7: =COUNTIFS(INDIRECT("Table1[Beginn]"),"<="&CR$1,INDIRECT("Table1[Ende]"),">="&CR$1,INDIRECT("Table1[Obergruppe ATC-Code]"),Tabelle3!$A7) -> 0
A8: A07 | B8: ANTIDIARRHOIKA UND INTESTINALE ANTIPHLOGISTIKA/ANTIINFEKTIVA | C8: =COUNTIFS(INDIRECT("Table1[Beginn]"),"<="&C$1,INDIRECT("Table1[Ende]"),">="&C$1,INDIRECT("Table1[Obergruppe ATC-Code]"),Tabelle3!$A8) -> 0 | D8: =COUNTIFS(INDIRECT("Table1[Beginn]"),"<="&D$1,INDIRECT("Table1[Ende]"),">="&D$1,INDIRECT("Table1[Obergruppe ATC-Code]"),Tabelle3!$A8) -> 0 | E8: =COUNTIFS(INDIRECT("Table1[Beginn]"),"<="&E$1,INDIRECT("Table1[Ende]"),">="&E$1,INDIRECT("Table1[Obergruppe ATC-Code]"),Tabelle3!$A8) -> 0 | F8: =COUNTIFS(INDIRECT("Table1[Beginn]"),"<="&F$1,INDIRECT("Table1[Ende]"),">="&F$1,INDIRECT("Table1[Obergruppe ATC-Code]"),Tabelle3!$A8) -> 0 | G8: =COUNTIFS(INDIRECT("Table1[Beginn]"),"<="&G$1,INDIRECT("Table1[Ende]"),">="&G$1,INDIRECT("Table1[Obergruppe ATC-Code]"),Tabelle3!$A8) -> 0 | H8: =COUNTIFS(INDIRECT("Table1[Beginn]"),"<="&H$1,INDIRECT("Table1[Ende]"),">="&H$1,INDIRECT("Table1[Obergruppe ATC-Code]"),Tabelle3!$A8) -> 0 | I8: =COUNTIFS(INDIRECT("Table1[Beginn]"),"<="&I$1,INDIRECT("Table1[Ende]"),">="&I$1,INDIRECT("Table1[Obergruppe ATC-Code]"),Tabelle3!$A8) -> 0 | J8: =COUNTIFS(INDIRECT("Table1[Beginn]"),"<="&J$1,INDIRECT("Table1[Ende]"),">="&J$1,INDIRECT("Table1[Obergruppe ATC-Code]"),Tabelle3!$A8) -> 0 | ... CR8: =COUNTIFS(INDIRECT("Table1[Beginn]"),"<="&CR$1,INDIRECT("Table1[Ende]"),">="&CR$1,INDIRECT("Table1[Obergruppe ATC-Code]"),Tabelle3!$A8) -> 1
A9: A08 | B9: ANTIADIPOSITA, EXKL. DIÄTETIKA | C9: =COUNTIFS(INDIRECT("Table1[Beginn]"),"<="&C$1,INDIRECT("Table1[Ende]"),">="&C$1,INDIRECT("Table1[Obergruppe ATC-Code]"),Tabelle3!$A9) -> 0 | D9: =COUNTIFS(INDIRECT("Table1[Beginn]"),"<="&D$1,INDIRECT("Table1[Ende]"),">="&D$1,INDIRECT("Table1[Obergruppe ATC-Code]"),Tabelle3!$A9) -> 0 | E9: =COUNTIFS(INDIRECT("Table1[Beginn]"),"<="&E$1,INDIRECT("Table1[Ende]"),">="&E$1,INDIRECT("Table1[Obergruppe ATC-Code]"),Tabelle3!$A9) -> 0 | F9: =COUNTIFS(INDIRECT("Table1[Beginn]"),"<="&F$1,INDIRECT("Table1[Ende]"),">="&F$1,INDIRECT("Table1[Obergruppe ATC-Code]"),Tabelle3!$A9) -> 0 | G9: =COUNTIFS(INDIRECT("Table1[Beginn]"),"<="&G$1,INDIRECT("Table1[Ende]"),">="&G$1,INDIRECT("Table1[Obergruppe ATC-Code]"),Tabelle3!$A9) -> 0 | H9: =COUNTIFS(INDIRECT("Table1[Beginn]"),"<="&H$1,INDIRECT("Table1[Ende]"),">="&H$1,INDIRECT("Table1[Obergruppe ATC-Code]"),Tabelle3!$A9) -> 0 | I9: =COUNTIFS(INDIRECT("Table1[Beginn]"),"<="&I$1,INDIRECT("Table1[Ende]"),">="&I$1,INDIRECT("Table1[Obergruppe ATC-Code]"),Tabelle3!$A9) -> 0 | J9: =COUNTIFS(INDIRECT("Table1[Beginn]"),"<="&J$1,INDIRECT("Table1[Ende]"),">="&J$1,INDIRECT("Table1[Obergruppe ATC-Code]"),Tabelle3!$A9) -> 0 | ... CR9: =COUNTIFS(INDIRECT("Table1[Beginn]"),"<="&CR$1,INDIRECT("Table1[Ende]"),">="&CR$1,INDIRECT("Table1[Obergruppe ATC-Code]"),Tabelle3!$A9) -> 0
A10: A09 | B10: DIGESTIVA, INKL. ENZYME | C10: =COUNTIFS(INDIRECT("Table1[Beginn]"),"<="&C$1,INDIRECT("Table1[Ende]"),">="&C$1,INDIRECT("Table1[Obergruppe ATC-Code]"),Tabelle3!$A10) -> 1 | D10: =COUNTIFS(INDIRECT("Table1[Beginn]"),"<="&D$1,INDIRECT("Table1[Ende]"),">="&D$1,INDIRECT("Table1[Obergruppe ATC-Code]"),Tabelle3!$A10) -> 1 | E10: =COUNTIFS(INDIRECT("Table1[Beginn]"),"<="&E$1,INDIRECT("Table1[Ende]"),">="&E$1,INDIRECT("Table1[Obergruppe ATC-Code]"),Tabelle3!$A10) -> 1 | F10: =COUNTIFS(INDIRECT("Table1[Beginn]"),"<="&F$1,INDIRECT("Table1[Ende]"),">="&F$1,INDIRECT("Table1[Obergruppe ATC-Code]"),Tabelle3!$A10) -> 1 | G10: =COUNTIFS(INDIRECT("Table1[Beginn]"),"<="&G$1,INDIRECT("Table1[Ende]"),">="&G$1,INDIRECT("Table1[Obergruppe ATC-Code]"),Tabelle3!$A10) -> 1 | H10: =COUNTIFS(INDIRECT("Table1[Beginn]"),"<="&H$1,INDIRECT("Table1[Ende]"),">="&H$1,INDIRECT("Table1[Obergruppe ATC-Code]"),Tabelle3!$A10) -> 1 | I10: =COUNTIFS(INDIRECT("Table1[Beginn]"),"<="&I$1,INDIRECT("Table1[Ende]"),">="&I$1,INDIRECT("Table1[Obergruppe ATC-Code]"),Tabelle3!$A10) -> 1 | J10: =COUNTIFS(INDIRECT("Table1[Beginn]"),"<="&J$1,INDIRECT("Table1[Ende]"),">="&J$1,INDIRECT("Table1[Obergruppe ATC-Code]"),Tabelle3!$A10) -> 1 | ... CR10: =COUNTIFS(INDIRECT("Table1[Beginn]"),"<="&CR$1,INDIRECT("Table1[Ende]"),">="&CR$1,INDIRECT("Table1[Obergruppe ATC-Code]"),Tabelle3!$A10) -> 0
A11: A10 | B11: ANTIDIABETIKA | C11: =COUNTIFS(INDIRECT("Table1[Beginn]"),"<="&C$1,INDIRECT("Table1[Ende]"),">="&C$1,INDIRECT("Table1[Obergruppe ATC-Code]"),Tabelle3!$A11) -> 0 | D11: =COUNTIFS(INDIRECT("Table1[Beginn]"),"<="&D$1,INDIRECT("Table1[Ende]"),">="&D$1,INDIRECT("Table1[Obergruppe ATC-Code]"),Tabelle3!$A11) -> 0 | E11: =COUNTIFS(INDIRECT("Table1[Beginn]"),"<="&E$1,INDIRECT("Table1[Ende]"),">="&E$1,INDIRECT("Table1[Obergruppe ATC-Code]"),Tabelle3!$A11) -> 0 | F11: =COUNTIFS(INDIRECT("Table1[Beginn]"),"<="&F$1,INDIRECT("Table1[Ende]"),">="&F$1,INDIRECT("Table1[Obergruppe ATC-Code]"),Tabelle3!$A11) -> 0 | G11: =COUNTIFS(INDIRECT("Table1[Beginn]"),"<="&G$1,INDIRECT("Table1[Ende]"),">="&G$1,INDIRECT("Table1[Obergruppe ATC-Code]"),Tabelle3!$A11) -> 0 | H11: =COUNTIFS(INDIRECT("Table1[Beginn]"),"<="&H$1,INDIRECT("Table1[Ende]"),">="&H$1,INDIRECT("Table1[Obergruppe ATC-Code]"),Tabelle3!$A11) -> 0 | I11: =COUNTIFS(INDIRECT("Table1[Beginn]"),"<="&I$1,INDIRECT("Table1[Ende]"),">="&I$1,INDIRECT("Table1[Obergruppe ATC-Code]"),Tabelle3!$A11) -> 0 | J11: =COUNTIFS(INDIRECT("Table1[Beginn]"),"<="&J$1,INDIRECT("Table1[Ende]"),">="&J$1,INDIRECT("Table1[Obergruppe ATC-Code]"),Tabelle3!$A11) -> 0 | ... CR11: =COUNTIFS(INDIRECT("Table1[Beginn]"),"<="&CR$1,INDIRECT("Table1[Ende]"),">="&CR$1,INDIRECT("Table1[Obergruppe ATC-Code]"),Tabelle3!$A11) -> 1
A12: A11 | B12: VITAMINE | C12: =COUNTIFS(INDIRECT("Table1[Beginn]"),"<="&C$1,INDIRECT("Table1[Ende]"),">="&C$1,INDIRECT("Table1[Obergruppe ATC-Code]"),Tabelle3!$A12) -> 0 | D12: =COUNTIFS(INDIRECT("Table1[Beginn]"),"<="&D$1,INDIRECT("Table1[Ende]"),">="&D$1,INDIRECT("Table1[Obergruppe ATC-Code]"),Tabelle3!$A12) -> 0 | E12: =COUNTIFS(INDIRECT("Table1[Beginn]"),"<="&E$1,INDIRECT("Table1[Ende]"),">="&E$1,INDIRECT("Table1[Obergruppe ATC-Code]"),Tabelle3!$A12) -> 0 | F12: =COUNTIFS(INDIRECT("Table1[Beginn]"),"<="&F$1,INDIRECT("Table1[Ende]"),">="&F$1,INDIRECT("Table1[Obergruppe ATC-Code]"),Tabelle3!$A12) -> 0 | G12: =COUNTIFS(INDIRECT("Table1[Beginn]"),"<="&G$1,INDIRECT("Table1[Ende]"),">="&G$1,INDIRECT("Table1[Obergruppe ATC-Code]"),Tabelle3!$A12) -> 0 | H12: =COUNTIFS(INDIRECT("Table1[Beginn]"),"<="&H$1,INDIRECT("Table1[Ende]"),">="&H$1,INDIRECT("Table1[Obergruppe ATC-Code]"),Tabelle3!$A12) -> 0 | I12: =COUNTIFS(INDIRECT("Table1[Beginn]"),"<="&I$1,INDIRECT("Table1[Ende]"),">="&I$1,INDIRECT("Table1[Obergruppe ATC-Code]"),Tabelle3!$A12) -> 0 | J12: =COUNTIFS(INDIRECT("Table1[Beginn]"),"<="&J$1,INDIRECT("Table1[Ende]"),">="&J$1,INDIRECT("Table1[Obergruppe ATC-Code]"),Tabelle3!$A12) -> 0 | ... CR12: =COUNTIFS(INDIRECT("Table1[Beginn]"),"<="&CR$1,INDIRECT("Table1[Ende]"),">="&CR$1,INDIRECT("Table1[Obergruppe ATC-Code]"),Tabelle3!$A12) -> 0
A13: A12 | B13: MINERALSTOFFE | C13: =COUNTIFS(INDIRECT("Table1[Beginn]"),"<="&C$1,INDIRECT("Table1[Ende]"),">="&C$1,INDIRECT("Table1[Obergruppe ATC-Code]"),Tabelle3!$A13) -> 0 | D13: =COUNTIFS(INDIRECT("Table1[Beginn]"),"<="&D$1,INDIRECT("Table1[Ende]"),">="&D$1,INDIRECT("Table1[Obergruppe ATC-Code]"),Tabelle3!$A13) -> 0 | E13: =COUNTIFS(INDIRECT("Table1[Beginn]"),"<="&E$1,INDIRECT("Table1[Ende]"),">="&E$1,INDIRECT("Table1[Obergruppe ATC-Code]"),Tabelle3!$A13) -> 0 | F13: =COUNTIFS(INDIRECT("Table1[Beginn]"),"<="&F$1,INDIRECT("Table1[Ende]"),">="&F$1,INDIRECT("Table1[Obergruppe ATC-Code]"),Tabelle3!$A13) -> 0 | G13: =COUNTIFS(INDIRECT("Table1[Beginn]"),"<="&G$1,INDIRECT("Table1[Ende]"),">="&G$1,INDIRECT("Table1[Obergruppe ATC-Code]"),Tabelle3!$A13) -> 0 | H13: =COUNTIFS(INDIRECT("Table1[Beginn]"),"<="&H$1,INDIRECT("Table1[Ende]"),">="&H$1,INDIRECT("Table1[Obergruppe ATC-Code]"),Tabelle3!$A13) -> 0 | I13: =COUNTIFS(INDIRECT("Table1[Beginn]"),"<="&I$1,INDIRECT("Table1[Ende]"),">="&I$1,INDIRECT("Table1[Obergruppe ATC-Code]"),Tabelle3!$A13) -> 0 | J13: =COUNTIFS(INDIRECT("Table1[Beginn]"),"<="&J$1,INDIRECT("Table1[Ende]"),">="&J$1,INDIRECT("Table1[Obergruppe ATC-Code]"),Tabelle3!$A13) -> 0 | ... CR13: =COUNTIFS(INDIRECT("Table1[Beginn]"),"<="&CR$1,INDIRECT("Table1[Ende]"),">="&CR$1,INDIRECT("Table1[Obergruppe ATC-Code]"),Tabelle3!$A13) -> 0
... A100: V90 | B100: SONDERGRUPPEN | C100: =COUNTIFS(INDIRECT("Table1[Beginn]"),"<="&C$1,INDIRECT("Table1[Ende]"),">="&C$1,INDIRECT("Table1[Obergruppe ATC-Code]"),Tabelle3!$A100) -> 0 | D100: =COUNTIFS(INDIRECT("Table1[Beginn]"),"<="&D$1,INDIRECT("Table1[Ende]"),">="&D$1,INDIRECT("Table1[Obergruppe ATC-Code]"),Tabelle3!$A100) -> 0 | E100: =COUNTIFS(INDIRECT("Table1[Beginn]"),"<="&E$1,INDIRECT("Table1[Ende]"),">="&E$1,INDIRECT("Table1[Obergruppe ATC-Code]"),Tabelle3!$A100) -> 0 | F100: =COUNTIFS(INDIRECT("Table1[Beginn]"),"<="&F$1,INDIRECT("Table1[Ende]"),">="&F$1,INDIRECT("Table1[Obergruppe ATC-Code]"),Tabelle3!$A100) -> 0 | G100: =COUNTIFS(INDIRECT("Table1[Beginn]"),"<="&G$1,INDIRECT("Table1[Ende]"),">="&G$1,INDIRECT("Table1[Obergruppe ATC-Code]"),Tabelle3!$A100) -> 0 | H100: =COUNTIFS(INDIRECT("Table1[Beginn]"),"<="&H$1,INDIRECT("Table1[Ende]"),">="&H$1,INDIRECT("Table1[Obergruppe ATC-Code]"),Tabelle3!$A100) -> 0 | I100: =COUNTIFS(INDIRECT("Table1[Beginn]"),"<="&I$1,INDIRECT("Table1[Ende]"),">="&I$1,INDIRECT("Table1[Obergruppe ATC-Code]"),Tabelle3!$A100) -> 0 | J100: =COUNTIFS(INDIRECT("Table1[Beginn]"),"<="&J$1,INDIRECT("Table1[Ende]"),">="&J$1,INDIRECT("Table1[Obergruppe ATC-Code]"),Tabelle3!$A100) -> 0 | ... CR100: =COUNTIFS(INDIRECT("Table1[Beginn]"),"<="&CR$1,INDIRECT("Table1[Ende]"),">="&CR$1,INDIRECT("Table1[Obergruppe ATC-Code]"),Tabelle3!$A100) -> 0
A101: alle | B101: addiert | C101: =SUM(Tabelle2[2017-01-01]) -> 20 | D101: =SUM(Tabelle2[2017-02-01]) -> 23 | E101: =SUM(Tabelle2[2017-03-01]) -> 26 | F101: =SUM(Tabelle2[2017-04-01]) -> 34 | G101: =SUM(Tabelle2[2017-05-01]) -> 38 | H101: =SUM(Tabelle2[2017-06-01]) -> 38 | I101: =SUM(Tabelle2[2017-07-01]) -> 46 | J101: =SUM(Tabelle2[2017-08-01]) -> 51 | K101: =SUM(Tabelle2[2017-09-01]) -> 49 | L101: =SUM(Tabelle2[2017-10-01]) -> 45 | M101: =SUM(Tabelle2[2017-11-01]) -> 46 | N101: =SUM(Tabelle2[2017-12-01]) -> 52 | O101: =SUM(Tabelle2[2018-01-01]) -> 61 | P101: =SUM(Tabelle2[2018-02-01]) -> 64 | Q101: =SUM(Tabelle2[2018-03-01]) -> 64 | R101: =SUM(Tabelle2[2018-04-01]) -> 64 | S101: =SUM(Tabelle2[2018-05-01]) -> 62 | T101: =SUM(Tabelle2[2018-06-01]) -> 66 | U101: =SUM(Tabelle2[2018-07-01]) -> 167 | V101: =SUM(Tabelle2[2018-08-01]) -> 161 | W101: =SUM(Tabelle2[2018-09-01]) -> 167 | X101: =SUM(Tabelle2[2018-10-01]) -> 179 | Y101: =SUM(Tabelle2[2018-11-01]) -> 195 | Z101: =SUM(Tabelle2[2018-12-01]) -> 201 | AA101: =SUM(Tabelle2[2019-01-01]) -> 197 | AB101: =SUM(Tabelle2[2019-02-01]) -> 203 | AC101: =SUM(Tabelle2[2019-03-01]) -> 215 | AD101: =SUM(Tabelle2[2019-04-01]) -> 227 | AE101: =SUM(Tabelle2[2019-05-01]) -> 229 | AF101: =SUM(Tabelle2[2019-06-01]) -> 242 | AG101: =SUM(Tabelle2[2019-07-01]) -> 243 | AH101: =SUM(Tabelle2[2019-08-01]) -> 244 | AI101: =SUM(Tabelle2[2019-09-01]) -> 253 | AJ101: =SUM(Tabelle2[2019-10-01]) -> 294 | AK101: =SUM(Tabelle2[2019-11-01]) -> 298 | AL101: =SUM(Tabelle2[2019-12-01]) -> 319 | AM101: =SUM(Tabelle2[2020-01-01]) -> 316 | AN101: =SUM(Tabelle2[2020-02-01]) -> 313 | AO101: =SUM(Tabelle2[2020-03-01]) -> 416 | AP101: =SUM(Tabelle2[2020-04-01]) -> 456 | AQ101: =SUM(Tabelle2[2020-05-01]) -> 442 | AR101: =SUM(Tabelle2[2020-06-01]) -> 411 | AS101: =SUM(Tabelle2[2020-07-01]) -> 371 | AT101: =SUM(Tabelle2[2020-08-01]) -> 351 | AU101: =SUM(Tabelle2[2020-09-01]) -> 336 | AV101: =SUM(Tabelle2[2020-10-01]) -> 319 | AW101: =SUM(Tabelle2[2020-11-01]) -> 301 | AX101: =SUM(Tabelle2[2020-12-01]) -> 278 | AY101: =SUM(Tabelle2[2021-01-01]) -> 237 | AZ101: =SUM(Tabelle2[2021-02-01]) -> 244 | BA101: =SUM(Tabelle2[2021-03-01]) -> 250 | BB101: =SUM(Tabelle2[2021-04-01]) -> 226 | BC101: =SUM(Tabelle2[2021-05-01]) -> 216 | BD101: =SUM(Tabelle2[2021-06-01]) -> 209 | BE101: =SUM(Tabelle2[2021-07-01]) -> 194 | BF101: =SUM(Tabelle2[2021-08-01]) -> 197 | BG101: =SUM(Tabelle2[2021-09-01]) -> 191 | BH101: =SUM(Tabelle2[2021-10-01]) -> 207 | BI101: =SUM(Tabelle2[2021-11-01]) -> 212 | BJ101: =SUM(Tabelle2[2021-12-01]) -> 211 | BK101: =SUM(Tabelle2[2022-01-01]) -> 218 | BL101: =SUM(Tabelle2[2022-02-01]) -> 227 | BM101: =SUM(Tabelle2[2022-03-01]) -> 211 | BN101: =SUM(Tabelle2[2022-04-01]) -> 227 | BO101: =SUM(Tabelle2[2022-05-01]) -> 243 | BP101: =SUM(Tabelle2[2022-06-01]) -> 249 | BQ101: =SUM(Tabelle2[2022-07-01]) -> 247 | BR101: =SUM(Tabelle2[2022-08-01]) -> 269 | BS101: =SUM(Tabelle2[2022-09-01]) -> 277 | BT101: =SUM(Tabelle2[2022-10-01]) -> 291 | BU101: =SUM(Tabelle2[2022-11-01]) -> 283 | BV101: =SUM(Tabelle2[2022-12-01]) -> 306 | BW101: =SUM(Tabelle2[2023-01-01]) -> 389 | BX101: =SUM(Tabelle2[2023-02-01]) -> 437 | BY101: =SUM(Tabelle2[2023-03-01]) -> 455 | BZ101: =SUM(Tabelle2[2023-04-01]) -> 466 | CA101: =SUM(Tabelle2[2023-05-01]) -> 483 | CB101: =SUM(Tabelle2[2023-06-01]) -> 507 | CC101: =SUM(Tabelle2[2023-07-01]) -> 503 | CD101: =SUM(Tabelle2[2023-08-01]) -> 506 | CE101: =SUM(Tabelle2[2023-09-01]) -> 502 | CF101: =SUM(Tabelle2[2023-10-01]) -> 484 | CG101: =SUM(Tabelle2[2023-11-01]) -> 375 | CH101: =SUM(Tabelle2[2023-12-01]) -> 280 | CI101: =SUM(Tabelle2[2024-01-01]) -> 145 | CJ101: =SUM(Tabelle2[2024-02-01]) -> 107 | CK101: =SUM(Tabelle2[2024-03-01]) -> 76 | CL101: =SUM(Tabelle2[2024-04-01]) -> 53 | CM101: =SUM(Tabelle2[2024-05-01]) -> 43 | CN101: =SUM(Tabelle2[2024-06-01]) -> 34 | CO101: =SUM(Tabelle2[2024-07-01]) -> 22 | CP101: =SUM(Tabelle2[2024-08-01]) -> 22 | CQ101: =SUM(Tabelle2[2024-09-01]) -> 21 | CR101: =SUM(Tabelle2[2024-10-01]) -> 19
